dataset,method,projection,intersections,zoning_4x4,zoning_8x8,global,grad_hist,skeleton,bbox_norm,ari,nmi,accuracy,macro_f1
noise0_shift2,kmeans,Y,N,N,N,N,N,N,N,0.21608668790692562,0.45254626859190134,0.38,0.32827620525257517
noise0_shift2,maxmin,Y,N,N,N,N,N,N,N,0.12711684007683213,0.36252865980156174,0.319,0.2504156619001468
noise0_shift2,agglomerative,Y,N,N,N,N,N,N,N,0.21591520442887038,0.4782840328258994,0.376,0.27844938998402563
noise0_shift2,kmeans,N,Y,N,N,N,N,N,N,0.17570040975045562,0.40528839008827816,0.394,0.3253072592879219
noise0_shift2,maxmin,N,Y,N,N,N,N,N,N,0.1285483851026804,0.31876928420483686,0.342,0.2689844201813414
noise0_shift2,agglomerative,N,Y,N,N,N,N,N,N,0.17188619046319875,0.41727549455008656,0.383,0.29506783045530993
noise0_shift2,kmeans,N,N,Y,N,N,N,N,N,0.28403562437966484,0.4894074659217126,0.472,0.4316947876670191
noise0_shift2,maxmin,N,N,Y,N,N,N,N,N,0.18191022029873347,0.41122687731670154,0.425,0.3836280870793893
noise0_shift2,agglomerative,N,N,Y,N,N,N,N,N,0.29298466749156155,0.5402733175845256,0.505,0.4585835285907348
noise0_shift2,kmeans,N,N,N,Y,N,N,N,N,0.26768862487623013,0.4695032640608357,0.454,0.40061633496019633
noise0_shift2,maxmin,N,N,N,Y,N,N,N,N,0.2261817914041209,0.4488655219435885,0.432,0.391682199071975
noise0_shift2,agglomerative,N,N,N,Y,N,N,N,N,0.2576380537814968,0.48771033533055635,0.448,0.39756658713620785
noise0_shift2,kmeans,N,N,N,N,Y,N,N,N,0.12766453203169922,0.29274189311977483,0.335,0.29277553532894934
noise0_shift2,maxmin,N,N,N,N,Y,N,N,N,0.11176739354842107,0.29833320991256806,0.331,0.2873418383382199
noise0_shift2,agglomerative,N,N,N,N,Y,N,N,N,0.12699081253840233,0.2953664722206535,0.347,0.3077167879288961
noise0_shift2,kmeans,N,N,N,N,N,Y,N,N,1.0,1.0,1.0,1.0
noise0_shift2,maxmin,N,N,N,N,N,Y,N,N,1.0,1.0,1.0,1.0
noise0_shift2,agglomerative,N,N,N,N,N,Y,N,N,1.0,1.0,1.0,1.0
noise0_shift2,kmeans,N,N,N,N,N,N,Y,N,1.0,1.0,1.0,1.0
noise0_shift2,maxmin,N,N,N,N,N,N,Y,N,1.0,1.0,1.0,1.0
noise0_shift2,agglomerative,N,N,N,N,N,N,Y,N,1.0,1.0,1.0,1.0
noise0_shift2,kmeans,Y,Y,N,N,N,N,N,N,0.19743465627450774,0.42213617375595475,0.408,0.2966668050726688
noise0_shift2,maxmin,Y,Y,N,N,N,N,N,N,0.15777054702804288,0.36040588990509653,0.346,0.29845747306408255
noise0_shift2,agglomerative,Y,Y,N,N,N,N,N,N,0.16707726462577818,0.42354419706648105,0.383,0.2973919252883797
noise0_shift2,kmeans,Y,N,Y,N,N,N,N,N,0.29334063207093475,0.502851359573513,0.482,0.47159451078677783
noise0_shift2,maxmin,Y,N,Y,N,N,N,N,N,0.2576689747566787,0.47783048908680104,0.458,0.4048757958080961
noise0_shift2,agglomerative,Y,N,Y,N,N,N,N,N,0.3146631883640297,0.5588772812098313,0.506,0.5011550874643766
noise0_shift2,kmeans,Y,N,N,Y,N,N,N,N,0.2479924100253577,0.46415018472809066,0.445,0.42835133689326516
noise0_shift2,maxmin,Y,N,N,Y,N,N,N,N,0.2261817914041209,0.4488655219435885,0.432,0.391682199071975
noise0_shift2,agglomerative,Y,N,N,Y,N,N,N,N,0.2576380537814968,0.48771033533055635,0.448,0.39756658713620785
noise0_shift2,kmeans,Y,N,N,N,Y,N,N,N,0.12269436906463065,0.2844727028430805,0.345,0.30850699261661274
noise0_shift2,maxmin,Y,N,N,N,Y,N,N,N,0.11337525313895197,0.31111013211981453,0.363,0.3481816716228585
noise0_shift2,agglomerative,Y,N,N,N,Y,N,N,N,0.13546820489274328,0.30859853939021537,0.344,0.2740156339157216
noise0_shift2,kmeans,Y,N,N,N,N,Y,N,N,0.7422305835689751,0.871045935131905,0.827,0.8017469696241853
noise0_shift2,maxmin,Y,N,N,N,N,Y,N,N,0.6253012333020824,0.8427414885781572,0.778,0.727363188863033
noise0_shift2,agglomerative,Y,N,N,N,N,Y,N,N,0.7332654545784939,0.8717961206749792,0.818,0.7926271651774572
noise0_shift2,kmeans,Y,N,N,N,N,N,Y,N,0.3518370458251303,0.6198810515916227,0.464,0.4129044924818392
noise0_shift2,maxmin,Y,N,N,N,N,N,Y,N,0.3425294897564552,0.5882981876700916,0.518,0.4672191273385128
noise0_shift2,agglomerative,Y,N,N,N,N,N,Y,N,0.46146146697273743,0.7116316489230967,0.595,0.5360409061866298
noise0_shift2,kmeans,N,Y,Y,N,N,N,N,N,0.12023283279355516,0.3396981443736412,0.351,0.30052002344797013
noise0_shift2,maxmin,N,Y,Y,N,N,N,N,N,0.1970572985262434,0.408104296859637,0.405,0.34852904489243997
noise0_shift2,agglomerative,N,Y,Y,N,N,N,N,N,0.20266220729447493,0.473388013815115,0.42,0.3634579401774975
noise0_shift2,kmeans,N,Y,N,Y,N,N,N,N,0.23603776497388543,0.4655664378054841,0.423,0.3952469960716306
noise0_shift2,maxmin,N,Y,N,Y,N,N,N,N,0.19638408373903815,0.40039279435250186,0.41,0.3681212720308826
noise0_shift2,agglomerative,N,Y,N,Y,N,N,N,N,0.2455271899899374,0.5009685088958539,0.423,0.3749545219346549
noise0_shift2,kmeans,N,Y,N,N,Y,N,N,N,0.16590826260793273,0.3878902100359814,0.367,0.29665247200396044
noise0_shift2,maxmin,N,Y,N,N,Y,N,N,N,0.11614277039217745,0.3028010553894903,0.346,0.27974851089887126
noise0_shift2,agglomerative,N,Y,N,N,Y,N,N,N,0.2315271882887703,0.5038500907774179,0.463,0.3891650743072119
noise0_shift2,kmeans,N,Y,N,N,N,Y,N,N,0.19260123462885567,0.3903389256372808,0.413,0.34515658573334435
noise0_shift2,maxmin,N,Y,N,N,N,Y,N,N,0.17215361200122406,0.3783814517398191,0.374,0.32876999656135075
noise0_shift2,agglomerative,N,Y,N,N,N,Y,N,N,0.21650118787039258,0.4737633237838821,0.437,0.37235199104922206
noise0_shift2,kmeans,N,Y,N,N,N,N,Y,N,0.16417853075976688,0.40799518808338475,0.376,0.3193234509469084
noise0_shift2,maxmin,N,Y,N,N,N,N,Y,N,0.1698955609181259,0.3837101223889156,0.37,0.3250649915313228
noise0_shift2,agglomerative,N,Y,N,N,N,N,Y,N,0.17288318964252056,0.4298782708533663,0.385,0.29916248194573253
noise0_shift2,kmeans,N,N,Y,Y,N,N,N,N,0.2354946008109185,0.4553328548771404,0.439,0.365724923659449
noise0_shift2,maxmin,N,N,Y,Y,N,N,N,N,0.22304185499398615,0.4413406155062834,0.419,0.3684352862433904
noise0_shift2,agglomerative,N,N,Y,Y,N,N,N,N,0.25329882457113295,0.5053714040037605,0.424,0.37911063060127503
noise0_shift2,kmeans,N,N,Y,N,Y,N,N,N,0.17625750459258552,0.38095833310260285,0.371,0.3001464633106109
noise0_shift2,maxmin,N,N,Y,N,Y,N,N,N,0.16257215759125776,0.3718445641526239,0.364,0.31420478783249456
noise0_shift2,agglomerative,N,N,Y,N,Y,N,N,N,0.208409246607838,0.4498892101380577,0.395,0.3537529283823061
noise0_shift2,kmeans,N,N,Y,N,N,Y,N,N,0.5732096799937628,0.7334419870932821,0.719,0.7218052061172531
noise0_shift2,maxmin,N,N,Y,N,N,Y,N,N,0.2509327785926616,0.5299390840586737,0.475,0.3749278601441879
noise0_shift2,agglomerative,N,N,Y,N,N,Y,N,N,0.618913150568105,0.7972188967111712,0.695,0.6587017655429583
noise0_shift2,kmeans,N,N,Y,N,N,N,Y,N,0.2969911323855584,0.5407345778785734,0.486,0.448409848568892
noise0_shift2,maxmin,N,N,Y,N,N,N,Y,N,0.263480169796797,0.48641378952917236,0.466,0.4068956391579405
noise0_shift2,agglomerative,N,N,Y,N,N,N,Y,N,0.4212066868674376,0.6379574484604894,0.579,0.514492338605314
noise0_shift2,kmeans,N,N,N,Y,Y,N,N,N,0.24278112349699493,0.4629877334807316,0.452,0.4022136568914199
noise0_shift2,maxmin,N,N,N,Y,Y,N,N,N,0.17725778968646663,0.3974361992004873,0.39,0.377883351235722
noise0_shift2,agglomerative,N,N,N,Y,Y,N,N,N,0.20037734367975246,0.4292832052243357,0.371,0.33035260708625475
noise0_shift2,kmeans,N,N,N,Y,N,Y,N,N,0.25600876770157344,0.4773753496363946,0.426,0.38320221296649776
noise0_shift2,maxmin,N,N,N,Y,N,Y,N,N,0.22729484375281375,0.46083158773216537,0.446,0.39754615405873717
noise0_shift2,agglomerative,N,N,N,Y,N,Y,N,N,0.32447517185003455,0.5761560076086442,0.488,0.4013867073391932
noise0_shift2,kmeans,N,N,N,Y,N,N,Y,N,0.2013220668165847,0.41462527521255943,0.376,0.34152600869414707
noise0_shift2,maxmin,N,N,N,Y,N,N,Y,N,0.2284746984966667,0.45371000406785617,0.436,0.3944196393163604
noise0_shift2,agglomerative,N,N,N,Y,N,N,Y,N,0.2576380537814968,0.48771033533055635,0.448,0.39756658713620785
noise0_shift2,kmeans,N,N,N,N,Y,Y,N,N,0.40355428318884756,0.6298697679571859,0.593,0.5656069187994602
noise0_shift2,maxmin,N,N,N,N,Y,Y,N,N,0.2666172372391296,0.5339260619993266,0.514,0.4686762220401072
noise0_shift2,agglomerative,N,N,N,N,Y,Y,N,N,0.4360509918472906,0.6997147104107346,0.616,0.5579933987613028
noise0_shift2,kmeans,N,N,N,N,Y,N,Y,N,0.17670424596827206,0.3384154644440069,0.413,0.33499747173975913
noise0_shift2,maxmin,N,N,N,N,Y,N,Y,N,0.12834374544517316,0.350639205850306,0.372,0.353109645405932
noise0_shift2,agglomerative,N,N,N,N,Y,N,Y,N,0.19057241402105998,0.39481002755620276,0.41,0.37508410479346893
noise0_shift2,kmeans,N,N,N,N,N,Y,Y,N,1.0,1.0,1.0,1.0
noise0_shift2,maxmin,N,N,N,N,N,Y,Y,N,1.0,1.0,1.0,1.0
noise0_shift2,agglomerative,N,N,N,N,N,Y,Y,N,1.0,1.0,1.0,1.0
noise0_shift2,kmeans,Y,Y,Y,N,N,N,N,N,0.17341097642324085,0.37480050674980947,0.383,0.34671150253979227
noise0_shift2,maxmin,Y,Y,Y,N,N,N,N,N,0.18673686465808917,0.3932265227541514,0.392,0.33011457769261143
noise0_shift2,agglomerative,Y,Y,Y,N,N,N,N,N,0.20266220729447493,0.473388013815115,0.42,0.3634579401774975
noise0_shift2,kmeans,Y,Y,N,Y,N,N,N,N,0.22576839183215633,0.4697339000979058,0.401,0.36505882295206504
noise0_shift2,maxmin,Y,Y,N,Y,N,N,N,N,0.19638408373903815,0.40039279435250186,0.41,0.3681212720308826
noise0_shift2,agglomerative,Y,Y,N,Y,N,N,N,N,0.24511266113183863,0.505428721563827,0.425,0.3822169563243563
noise0_shift2,kmeans,Y,Y,N,N,Y,N,N,N,0.14763217483385008,0.3768451296482387,0.347,0.25587038402850176
noise0_shift2,maxmin,Y,Y,N,N,Y,N,N,N,0.11441481182288551,0.29688327158515576,0.342,0.276288271225674
noise0_shift2,agglomerative,Y,Y,N,N,Y,N,N,N,0.2270321009493657,0.5084281979966991,0.465,0.41953957268963604
noise0_shift2,kmeans,Y,Y,N,N,N,Y,N,N,0.1764005053537067,0.38733275392701405,0.375,0.3315643620800991
noise0_shift2,maxmin,Y,Y,N,N,N,Y,N,N,0.15463307302833174,0.35952425313471637,0.353,0.3097701026917799
noise0_shift2,agglomerative,Y,Y,N,N,N,Y,N,N,0.2443060172490283,0.4890472649043902,0.432,0.32361343060400793
noise0_shift2,kmeans,Y,Y,N,N,N,N,Y,N,0.18252442117709092,0.3993699602132742,0.384,0.31197090472236655
noise0_shift2,maxmin,Y,Y,N,N,N,N,Y,N,0.15976166204191689,0.3668674235080399,0.349,0.3027553187877431
noise0_shift2,agglomerative,Y,Y,N,N,N,N,Y,N,0.1789276632621148,0.4367443665046538,0.394,0.30809662726243836
noise0_shift2,kmeans,Y,N,Y,Y,N,N,N,N,0.2610567509362006,0.4741119150751591,0.45,0.40374289554947573
noise0_shift2,maxmin,Y,N,Y,Y,N,N,N,N,0.22304185499398615,0.4413406155062834,0.419,0.3684352862433904
noise0_shift2,agglomerative,Y,N,Y,Y,N,N,N,N,0.25329882457113295,0.5053714040037605,0.424,0.37911063060127503
noise0_shift2,kmeans,Y,N,Y,N,Y,N,N,N,0.21349354020570857,0.4371417249050859,0.427,0.356862467662606
noise0_shift2,maxmin,Y,N,Y,N,Y,N,N,N,0.1622845660385769,0.3879017919252932,0.376,0.3149828202743367
noise0_shift2,agglomerative,Y,N,Y,N,Y,N,N,N,0.21395037931015395,0.44619388947408994,0.432,0.35168221016626466
noise0_shift2,kmeans,Y,N,Y,N,N,Y,N,N,0.5373276980222327,0.7155038626460172,0.668,0.626847145507253
noise0_shift2,maxmin,Y,N,Y,N,N,Y,N,N,0.19614881018947353,0.48118472179919564,0.417,0.30165220791783726
noise0_shift2,agglomerative,Y,N,Y,N,N,Y,N,N,0.6867112538063127,0.8450556815917493,0.752,0.7210989338701259
noise0_shift2,kmeans,Y,N,Y,N,N,N,Y,N,0.3878150644038054,0.5857602276273304,0.544,0.49698751548416914
noise0_shift2,maxmin,Y,N,Y,N,N,N,Y,N,0.24326477930867937,0.4550364867461417,0.431,0.34404565377862595
noise0_shift2,agglomerative,Y,N,Y,N,N,N,Y,N,0.3115526527425455,0.5695327216412619,0.464,0.41953263398369717
noise0_shift2,kmeans,Y,N,N,Y,Y,N,N,N,0.24692545745484137,0.4576787255347558,0.418,0.42255776953795837
noise0_shift2,maxmin,Y,N,N,Y,Y,N,N,N,0.1763252529476117,0.3960711121293048,0.387,0.34884323201871703
noise0_shift2,agglomerative,Y,N,N,Y,Y,N,N,N,0.20037734367975246,0.4292832052243357,0.371,0.33035260708625475
noise0_shift2,kmeans,Y,N,N,Y,N,Y,N,N,0.2494685578358075,0.47159449455125413,0.455,0.4299240362196951
noise0_shift2,maxmin,Y,N,N,Y,N,Y,N,N,0.22586627545558427,0.45999819933728153,0.445,0.3968276656260547
noise0_shift2,agglomerative,Y,N,N,Y,N,Y,N,N,0.32447517185003455,0.576156007608644,0.488,0.4013867073391932
noise0_shift2,kmeans,Y,N,N,Y,N,N,Y,N,0.25613947136190746,0.4663052826163133,0.445,0.39931761119323794
noise0_shift2,maxmin,Y,N,N,Y,N,N,Y,N,0.2284746984966667,0.45371000406785617,0.436,0.3944196393163604
noise0_shift2,agglomerative,Y,N,N,Y,N,N,Y,N,0.2576380537814968,0.48771033533055635,0.448,0.39756658713620785
noise0_shift2,kmeans,Y,N,N,N,Y,Y,N,N,0.4525453272060886,0.685744202246548,0.623,0.562348701934728
noise0_shift2,maxmin,Y,N,N,N,Y,Y,N,N,0.23233807562508021,0.4916658542248215,0.475,0.4031211569522535
noise0_shift2,agglomerative,Y,N,N,N,Y,Y,N,N,0.43594546124290506,0.6914183763896161,0.605,0.5490892490488734
noise0_shift2,kmeans,Y,N,N,N,Y,N,Y,N,0.22695869061226,0.43224197143572984,0.454,0.40603856303619584
noise0_shift2,maxmin,Y,N,N,N,Y,N,Y,N,0.12311737214029647,0.3398318591445759,0.369,0.35248888454006866
noise0_shift2,agglomerative,Y,N,N,N,Y,N,Y,N,0.21333352154618954,0.4432279730000997,0.43,0.3889112885377948
noise0_shift2,kmeans,Y,N,N,N,N,Y,Y,N,0.8289550103496587,0.9104540988928644,0.886,0.8907871962813736
noise0_shift2,maxmin,Y,N,N,N,N,Y,Y,N,0.6803351967741577,0.8941950868443795,0.8,0.75
noise0_shift2,agglomerative,Y,N,N,N,N,Y,Y,N,0.8696409518219367,0.9544982399912549,0.9,0.8666666666666666
noise0_shift2,kmeans,N,Y,Y,Y,N,N,N,N,0.2307657221913401,0.4547711658622255,0.396,0.3222558068393226
noise0_shift2,maxmin,N,Y,Y,Y,N,N,N,N,0.15230417322110898,0.34064850904385974,0.36,0.29225629729413327
noise0_shift2,agglomerative,N,Y,Y,Y,N,N,N,N,0.24667051980117363,0.5018728213763153,0.423,0.375081982903671
noise0_shift2,kmeans,N,Y,Y,N,Y,N,N,N,0.14971610463700769,0.3630655767381756,0.339,0.2494327457663308
noise0_shift2,maxmin,N,Y,Y,N,Y,N,N,N,0.12190661963882111,0.3229364465151039,0.36,0.28725827622082833
noise0_shift2,agglomerative,N,Y,Y,N,Y,N,N,N,0.24256425323215858,0.5078870567879822,0.485,0.4238764788263108
noise0_shift2,kmeans,N,Y,Y,N,N,Y,N,N,0.20826841501123183,0.42993071417041273,0.416,0.3671106806551398
noise0_shift2,maxmin,N,Y,Y,N,N,Y,N,N,0.20478330499727426,0.4127376484246004,0.406,0.364355148825284
noise0_shift2,agglomerative,N,Y,Y,N,N,Y,N,N,0.2422955753720741,0.5059503019469132,0.436,0.34199475980121624
noise0_shift2,kmeans,N,Y,Y,N,N,N,Y,N,0.14060254442878733,0.3682780754052167,0.372,0.3452148646125242
noise0_shift2,maxmin,N,Y,Y,N,N,N,Y,N,0.2018725735287138,0.416026381853967,0.421,0.3869971272557384
noise0_shift2,agglomerative,N,Y,Y,N,N,N,Y,N,0.22181107408249243,0.4598101862536082,0.425,0.36254735746155947
noise0_shift2,kmeans,N,Y,N,Y,Y,N,N,N,0.20132706943419257,0.42826169334410763,0.38,0.3330001649227464
noise0_shift2,maxmin,N,Y,N,Y,Y,N,N,N,0.15883230421842817,0.3548051354974013,0.358,0.2837985712084139
noise0_shift2,agglomerative,N,Y,N,Y,Y,N,N,N,0.23172526734155524,0.4767521090894624,0.397,0.3502708728682926
noise0_shift2,kmeans,N,Y,N,Y,N,Y,N,N,0.20185736291217507,0.43701810462734914,0.379,0.3222101202856966
noise0_shift2,maxmin,N,Y,N,Y,N,Y,N,N,0.2093280948178257,0.4200798659861448,0.424,0.3830389978737283
noise0_shift2,agglomerative,N,Y,N,Y,N,Y,N,N,0.2455271899899374,0.5009685088958539,0.423,0.3749545219346549
noise0_shift2,kmeans,N,Y,N,Y,N,N,Y,N,0.2061887857552416,0.4306326138565807,0.398,0.368734049403942
noise0_shift2,maxmin,N,Y,N,Y,N,N,Y,N,0.16606331339065675,0.3593251352181263,0.377,0.3320627102586517
noise0_shift2,agglomerative,N,Y,N,Y,N,N,Y,N,0.2455271899899374,0.5009685088958539,0.423,0.3749545219346549
noise0_shift2,kmeans,N,Y,N,N,Y,Y,N,N,0.17806379472902603,0.39719931138846726,0.378,0.3058509013875721
noise0_shift2,maxmin,N,Y,N,N,Y,Y,N,N,0.16695703882944016,0.37337208259404414,0.388,0.3341262488061242
noise0_shift2,agglomerative,N,Y,N,N,Y,Y,N,N,0.2444032476917893,0.5119115396350076,0.474,0.3929464415530891
noise0_shift2,kmeans,N,Y,N,N,Y,N,Y,N,0.1558057147927387,0.38543114364238545,0.368,0.30351561155063084
noise0_shift2,maxmin,N,Y,N,N,Y,N,Y,N,0.13617259778202767,0.33048356298823744,0.372,0.2975231933194599
noise0_shift2,agglomerative,N,Y,N,N,Y,N,Y,N,0.2370916021217317,0.5075587648961225,0.47,0.39369320193328605
noise0_shift2,kmeans,N,Y,N,N,N,Y,Y,N,0.16466935040540603,0.387579970933364,0.386,0.3165440370758531
noise0_shift2,maxmin,N,Y,N,N,N,Y,Y,N,0.17215361200122406,0.3783814517398191,0.374,0.32876999656135075
noise0_shift2,agglomerative,N,Y,N,N,N,Y,Y,N,0.25439751245362446,0.4952846493137449,0.425,0.31668008430255895
noise0_shift2,kmeans,N,N,Y,Y,Y,N,N,N,0.26575643211676986,0.47753903851951557,0.466,0.38870564734095325
noise0_shift2,maxmin,N,N,Y,Y,Y,N,N,N,0.18067421058696828,0.3925829280828738,0.385,0.3179815805952705
noise0_shift2,agglomerative,N,N,Y,Y,Y,N,N,N,0.22382358370920422,0.48025333540100335,0.419,0.3773250012261552
noise0_shift2,kmeans,N,N,Y,Y,N,Y,N,N,0.25395647821276146,0.47362136911808683,0.44,0.41482018640280066
noise0_shift2,maxmin,N,N,Y,Y,N,Y,N,N,0.2012714241087562,0.4232312643091032,0.408,0.36177961497121475
noise0_shift2,agglomerative,N,N,Y,Y,N,Y,N,N,0.27638776968602535,0.5267072722506497,0.442,0.39335461008033806
noise0_shift2,kmeans,N,N,Y,Y,N,N,Y,N,0.26981781384918146,0.48147448724454,0.467,0.4240628858212901
noise0_shift2,maxmin,N,N,Y,Y,N,N,Y,N,0.22304185499398615,0.4413406155062834,0.419,0.3684352862433904
noise0_shift2,agglomerative,N,N,Y,Y,N,N,Y,N,0.2487979995762335,0.5004654852699643,0.425,0.4092214280987453
noise0_shift2,kmeans,N,N,Y,N,Y,Y,N,N,0.34280784107136764,0.5669734668110156,0.53,0.4669991145743414
noise0_shift2,maxmin,N,N,Y,N,Y,Y,N,N,0.1785140915220608,0.4254834101881322,0.427,0.3756766951161151
noise0_shift2,agglomerative,N,N,Y,N,Y,Y,N,N,0.42253733404019184,0.6498309164547582,0.568,0.5314496583362145
noise0_shift2,kmeans,N,N,Y,N,Y,N,Y,N,0.21736706257635532,0.42359441877985327,0.442,0.36273847670688586
noise0_shift2,maxmin,N,N,Y,N,Y,N,Y,N,0.16975761962655572,0.37871545659053457,0.366,0.31694335454902245
noise0_shift2,agglomerative,N,N,Y,N,Y,N,Y,N,0.19851981547937245,0.4194277124075566,0.406,0.3323816038557951
noise0_shift2,kmeans,N,N,Y,N,N,Y,Y,N,0.5640775734874215,0.7497566397543741,0.691,0.6555544995129895
noise0_shift2,maxmin,N,N,Y,N,N,Y,Y,N,0.2566350562882307,0.5351399847248334,0.492,0.4216488418758007
noise0_shift2,agglomerative,N,N,Y,N,N,Y,Y,N,0.6667624436887449,0.826914988387382,0.725,0.6885728399246787
noise0_shift2,kmeans,N,N,N,Y,Y,Y,N,N,0.259893465875567,0.4647537339762548,0.44,0.43525495863406843
noise0_shift2,maxmin,N,N,N,Y,Y,Y,N,N,0.20102352807883536,0.4267385299957894,0.417,0.40441441844170595
noise0_shift2,agglomerative,N,N,N,Y,Y,Y,N,N,0.28633117360818533,0.4980358937751906,0.439,0.38815148349921413
noise0_shift2,kmeans,N,N,N,Y,Y,N,Y,N,0.2334168321136192,0.4620923204676595,0.396,0.3487953902736041
noise0_shift2,maxmin,N,N,N,Y,Y,N,Y,N,0.17847980174679537,0.3982885238872756,0.393,0.38089588730017054
noise0_shift2,agglomerative,N,N,N,Y,Y,N,Y,N,0.20037734367975246,0.4292832052243357,0.371,0.33035260708625475
noise0_shift2,kmeans,N,N,N,Y,N,Y,Y,N,0.28022312254527093,0.5078547804366199,0.465,0.4651152653075199
noise0_shift2,maxmin,N,N,N,Y,N,Y,Y,N,0.22729484375281375,0.46083158773216537,0.446,0.39754615405873717
noise0_shift2,agglomerative,N,N,N,Y,N,Y,Y,N,0.32447517185003455,0.5761560076086442,0.488,0.4013867073391932
noise0_shift2,kmeans,N,N,N,N,Y,Y,Y,N,0.4498132222952352,0.6718580795530041,0.623,0.5978884569374024
noise0_shift2,maxmin,N,N,N,N,Y,Y,Y,N,0.2511869455849973,0.531279233477551,0.495,0.43056389343586715
noise0_shift2,agglomerative,N,N,N,N,Y,Y,Y,N,0.4303425087904903,0.7034525264987649,0.61,0.5522059646565686
noise0_shift2,kmeans,Y,Y,Y,Y,N,N,N,N,0.21933867577320698,0.4525883579564272,0.389,0.33952499541606557
noise0_shift2,maxmin,Y,Y,Y,Y,N,N,N,N,0.15230417322110898,0.34064850904385974,0.36,0.29225629729413327
noise0_shift2,agglomerative,Y,Y,Y,Y,N,N,N,N,0.24667051980117363,0.5018728213763153,0.423,0.375081982903671
noise0_shift2,kmeans,Y,Y,Y,N,Y,N,N,N,0.18883077569752532,0.4139684029236843,0.397,0.33275268901600824
noise0_shift2,maxmin,Y,Y,Y,N,Y,N,N,N,0.12190661963882111,0.3229364465151039,0.36,0.28725827622082833
noise0_shift2,agglomerative,Y,Y,Y,N,Y,N,N,N,0.24256425323215858,0.5078870567879822,0.485,0.4238764788263108
noise0_shift2,kmeans,Y,Y,Y,N,N,Y,N,N,0.22277026120618615,0.48356609972223524,0.457,0.4131250062546069
noise0_shift2,maxmin,Y,Y,Y,N,N,Y,N,N,0.20365693040222377,0.4129625858026762,0.4,0.3571465898908757
noise0_shift2,agglomerative,Y,Y,Y,N,N,Y,N,N,0.28174121097632987,0.5803302186980367,0.514,0.48971226690475633
noise0_shift2,kmeans,Y,Y,Y,N,N,N,Y,N,0.22094497157491932,0.43195935021217247,0.445,0.37161548026279406
noise0_shift2,maxmin,Y,Y,Y,N,N,N,Y,N,0.1889651320753422,0.4006114122601029,0.405,0.3407752526579469
noise0_shift2,agglomerative,Y,Y,Y,N,N,N,Y,N,0.2381306300458749,0.4764918236478051,0.445,0.3647781215073929
noise0_shift2,kmeans,Y,Y,N,Y,Y,N,N,N,0.1942127659574468,0.41988385961753144,0.371,0.3660499369704634
noise0_shift2,maxmin,Y,Y,N,Y,Y,N,N,N,0.15883230421842817,0.3548051354974013,0.358,0.2837985712084139
noise0_shift2,agglomerative,Y,Y,N,Y,Y,N,N,N,0.2534104410942431,0.507694395370964,0.412,0.33540302129537297
noise0_shift2,kmeans,Y,Y,N,Y,N,Y,N,N,0.23299599823287204,0.4761709356923871,0.402,0.36159824842044547
noise0_shift2,maxmin,Y,Y,N,Y,N,Y,N,N,0.2118060405339529,0.42520609688494954,0.427,0.3857671224596679
noise0_shift2,agglomerative,Y,Y,N,Y,N,Y,N,N,0.24511266113183863,0.505428721563827,0.425,0.3822169563243563
noise0_shift2,kmeans,Y,Y,N,Y,N,N,Y,N,0.17116747598275533,0.3901049642872943,0.374,0.30530665650043987
noise0_shift2,maxmin,Y,Y,N,Y,N,N,Y,N,0.17291885332441914,0.3658595627778529,0.383,0.31790266194159217
noise0_shift2,agglomerative,Y,Y,N,Y,N,N,Y,N,0.24511266113183863,0.505428721563827,0.425,0.3822169563243563
noise0_shift2,kmeans,Y,Y,N,N,Y,Y,N,N,0.20169188144519187,0.4461773569212189,0.416,0.3163271908694753
noise0_shift2,maxmin,Y,Y,N,N,Y,Y,N,N,0.15703748367777629,0.37710105000516586,0.387,0.33577938822687436
noise0_shift2,agglomerative,Y,Y,N,N,Y,Y,N,N,0.22740162256425808,0.4891814229602421,0.464,0.43544616176019424
noise0_shift2,kmeans,Y,Y,N,N,Y,N,Y,N,0.1685133526800636,0.4034329374889609,0.38,0.2962790844173516
noise0_shift2,maxmin,Y,Y,N,N,Y,N,Y,N,0.11536954294111214,0.3037374601022761,0.346,0.2804685035196743
noise0_shift2,agglomerative,Y,Y,N,N,Y,N,Y,N,0.2370916021217317,0.5075587648961225,0.47,0.39369320193328605
noise0_shift2,kmeans,Y,Y,N,N,N,Y,Y,N,0.22118499667683142,0.45805078304115304,0.41,0.3374020539800628
noise0_shift2,maxmin,Y,Y,N,N,N,Y,Y,N,0.15463307302833174,0.35952425313471637,0.353,0.3097701026917799
noise0_shift2,agglomerative,Y,Y,N,N,N,Y,Y,N,0.2460034956964081,0.4844617050869818,0.425,0.31694831840590854
noise0_shift2,kmeans,Y,N,Y,Y,Y,N,N,N,0.24327415713763928,0.45133035523456083,0.424,0.40402453985559206
noise0_shift2,maxmin,Y,N,Y,Y,Y,N,N,N,0.17914637766854638,0.3931389071346996,0.385,0.3186498574823623
noise0_shift2,agglomerative,Y,N,Y,Y,Y,N,N,N,0.22248149747362977,0.4876601465554515,0.428,0.3934234837627745
noise0_shift2,kmeans,Y,N,Y,Y,N,Y,N,N,0.23163761277039524,0.4555186072730298,0.395,0.3530490320928227
noise0_shift2,maxmin,Y,N,Y,Y,N,Y,N,N,0.2012714241087562,0.4232312643091032,0.408,0.36177961497121475
noise0_shift2,agglomerative,Y,N,Y,Y,N,Y,N,N,0.28465124148121695,0.5417732885213681,0.474,0.4305853361824643
noise0_shift2,kmeans,Y,N,Y,Y,N,N,Y,N,0.2466589094376179,0.45966995262413496,0.42,0.3588131644680376
noise0_shift2,maxmin,Y,N,Y,Y,N,N,Y,N,0.22304185499398615,0.4413406155062834,0.419,0.3684352862433904
noise0_shift2,agglomerative,Y,N,Y,Y,N,N,Y,N,0.2487979995762335,0.5004654852699643,0.425,0.4092214280987453
noise0_shift2,kmeans,Y,N,Y,N,Y,Y,N,N,0.3361386016436733,0.5633403563781555,0.509,0.5154881339850774
noise0_shift2,maxmin,Y,N,Y,N,Y,Y,N,N,0.18612621600396306,0.4380991411852506,0.45,0.3904704089372043
noise0_shift2,agglomerative,Y,N,Y,N,Y,Y,N,N,0.3897998672597075,0.6323179672696294,0.543,0.5090887257649598
noise0_shift2,kmeans,Y,N,Y,N,Y,N,Y,N,0.21332398123162796,0.4105457710554839,0.427,0.38623100709655767
noise0_shift2,maxmin,Y,N,Y,N,Y,N,Y,N,0.17464455953865138,0.4042010577853869,0.39,0.33691012001210197
noise0_shift2,agglomerative,Y,N,Y,N,Y,N,Y,N,0.25435429314495217,0.5021107856825916,0.464,0.39017556827032884
noise0_shift2,kmeans,Y,N,Y,N,N,Y,Y,N,0.5749487132441753,0.7445129974066949,0.719,0.6854600448901695
noise0_shift2,maxmin,Y,N,Y,N,N,Y,Y,N,0.269800370938205,0.5405153539019627,0.502,0.4283799773303015
noise0_shift2,agglomerative,Y,N,Y,N,N,Y,Y,N,0.6867112538063127,0.8450556815917493,0.752,0.7210989338701259
noise0_shift2,kmeans,Y,N,N,Y,Y,Y,N,N,0.230342317852568,0.44801051524584756,0.42,0.38336536256450765
noise0_shift2,maxmin,Y,N,N,Y,Y,Y,N,N,0.19765029667147374,0.42195007505352705,0.413,0.4009824650689408
noise0_shift2,agglomerative,Y,N,N,Y,Y,Y,N,N,0.28633117360818533,0.4980358937751906,0.439,0.38815148349921413
noise0_shift2,kmeans,Y,N,N,Y,Y,N,Y,N,0.23444274266477785,0.4535308581894175,0.434,0.41796960330807603
noise0_shift2,maxmin,Y,N,N,Y,Y,N,Y,N,0.17754802876782405,0.3969231281061,0.39,0.3518557680831656
noise0_shift2,agglomerative,Y,N,N,Y,Y,N,Y,N,0.20037734367975246,0.4292832052243357,0.371,0.33035260708625475
noise0_shift2,kmeans,Y,N,N,Y,N,Y,Y,N,0.2671342545005934,0.4842887748375857,0.445,0.4188904282173678
noise0_shift2,maxmin,Y,N,N,Y,N,Y,Y,N,0.19526845587242533,0.4376032573388228,0.402,0.33276156021671255
noise0_shift2,agglomerative,Y,N,N,Y,N,Y,Y,N,0.32447517185003455,0.576156007608644,0.488,0.4013867073391932
noise0_shift2,kmeans,Y,N,N,N,Y,Y,Y,N,0.44502081437823177,0.6817222392722416,0.616,0.5566127534712321
noise0_shift2,maxmin,Y,N,N,N,Y,Y,Y,N,0.2874355506271764,0.5698717779529268,0.545,0.4724655364433845
noise0_shift2,agglomerative,Y,N,N,N,Y,Y,Y,N,0.47488936451075786,0.7111734813172921,0.617,0.5587907397324866
noise0_shift2,kmeans,N,Y,Y,Y,Y,N,N,N,0.23098343575436686,0.4488865291924507,0.428,0.38165319244830054
noise0_shift2,maxmin,N,Y,Y,Y,Y,N,N,N,0.19986739815703203,0.39450819195139497,0.411,0.3301332378496307
noise0_shift2,agglomerative,N,Y,Y,Y,Y,N,N,N,0.23017794771488723,0.479401436919657,0.411,0.34472204102745757
noise0_shift2,kmeans,N,Y,Y,Y,N,Y,N,N,0.23821583375761643,0.47822908652407925,0.412,0.37308540210001845
noise0_shift2,maxmin,N,Y,Y,Y,N,Y,N,N,0.16215378793275964,0.3671218334051842,0.365,0.32585308724116324
noise0_shift2,agglomerative,N,Y,Y,Y,N,Y,N,N,0.24667051980117363,0.5018728213763153,0.423,0.375081982903671
noise0_shift2,kmeans,N,Y,Y,Y,N,N,Y,N,0.21844432854412785,0.4333304547078438,0.396,0.3456580962671979
noise0_shift2,maxmin,N,Y,Y,Y,N,N,Y,N,0.14945088645350169,0.33401344635051833,0.356,0.2895528373721906
noise0_shift2,agglomerative,N,Y,Y,Y,N,N,Y,N,0.24667051980117363,0.5018728213763153,0.423,0.375081982903671
noise0_shift2,kmeans,N,Y,Y,N,Y,Y,N,N,0.2539650400887452,0.4878501767770297,0.462,0.39422642060300855
noise0_shift2,maxmin,N,Y,Y,N,Y,Y,N,N,0.13540334856314515,0.34735368104824127,0.382,0.3384622977237527
noise0_shift2,agglomerative,N,Y,Y,N,Y,Y,N,N,0.24220750827373677,0.49366740954605315,0.467,0.4365718981649443
noise0_shift2,kmeans,N,Y,Y,N,Y,N,Y,N,0.12100385572541807,0.32780472597312027,0.321,0.2713510425348097
noise0_shift2,maxmin,N,Y,Y,N,Y,N,Y,N,0.12419453427603516,0.33293391465672845,0.36,0.29005497550003895
noise0_shift2,agglomerative,N,Y,Y,N,Y,N,Y,N,0.2337334361120288,0.48223336816315854,0.467,0.437107259396852
noise0_shift2,kmeans,N,Y,Y,N,N,Y,Y,N,0.23191555473030304,0.46614124866644013,0.443,0.3586081119828863
noise0_shift2,maxmin,N,Y,Y,N,N,Y,Y,N,0.17044190274102225,0.3917740511574899,0.406,0.37382848371774663
noise0_shift2,agglomerative,N,Y,Y,N,N,Y,Y,N,0.30194690148261233,0.5575927208126049,0.474,0.36908250956474287
noise0_shift2,kmeans,N,Y,N,Y,Y,Y,N,N,0.21119384450155163,0.42975973138992657,0.379,0.3303835967708814
noise0_shift2,maxmin,N,Y,N,Y,Y,Y,N,N,0.14887788218336723,0.3363701499193066,0.325,0.23828353720735845
noise0_shift2,agglomerative,N,Y,N,Y,Y,Y,N,N,0.27792824837631563,0.5377075462341463,0.432,0.35360415453467886
noise0_shift2,kmeans,N,Y,N,Y,Y,N,Y,N,0.2439115326230964,0.477130478693105,0.444,0.4013348123841946
noise0_shift2,maxmin,N,Y,N,Y,Y,N,Y,N,0.1591252852482885,0.3550178347444334,0.358,0.28393789603406466
noise0_shift2,agglomerative,N,Y,N,Y,Y,N,Y,N,0.27792824837631563,0.5377075462341462,0.432,0.35360415453467886
noise0_shift2,kmeans,N,Y,N,Y,N,Y,Y,N,0.23148300529101312,0.4733149651655297,0.42,0.3433570751992397
noise0_shift2,maxmin,N,Y,N,Y,N,Y,Y,N,0.18606388483543262,0.39686264583261766,0.384,0.2993679028170751
noise0_shift2,agglomerative,N,Y,N,Y,N,Y,Y,N,0.24900829248349385,0.5037376352158193,0.415,0.36376165190137677
noise0_shift2,kmeans,N,Y,N,N,Y,Y,Y,N,0.16753358734109094,0.41229105975272556,0.38,0.3438626298566253
noise0_shift2,maxmin,N,Y,N,N,Y,Y,Y,N,0.1850256973879202,0.40340123611904555,0.416,0.36260338094152866
noise0_shift2,agglomerative,N,Y,N,N,Y,Y,Y,N,0.25773968638721145,0.5459647153019822,0.502,0.4753506558805719
noise0_shift2,kmeans,N,N,Y,Y,Y,Y,N,N,0.29383900987263,0.5003112069365171,0.467,0.4525811387898869
noise0_shift2,maxmin,N,N,Y,Y,Y,Y,N,N,0.1864865379369148,0.40578538286194854,0.394,0.327999474045389
noise0_shift2,agglomerative,N,N,Y,Y,Y,Y,N,N,0.2710748466345567,0.49127185919590444,0.447,0.4119431384516794
noise0_shift2,kmeans,N,N,Y,Y,Y,N,Y,N,0.24154824992695503,0.46618108104346356,0.42,0.3906222490082496
noise0_shift2,maxmin,N,N,Y,Y,Y,N,Y,N,0.1831632268732395,0.3967903472534906,0.39,0.3232556731227055
noise0_shift2,agglomerative,N,N,Y,Y,Y,N,Y,N,0.2226114791723069,0.46552400288826284,0.407,0.3381649812783117
noise0_shift2,kmeans,N,N,Y,Y,N,Y,Y,N,0.2511091813650509,0.47435994199339027,0.42,0.40347235446237273
noise0_shift2,maxmin,N,N,Y,Y,N,Y,Y,N,0.2012714241087562,0.4232312643091032,0.408,0.36177961497121475
noise0_shift2,agglomerative,N,N,Y,Y,N,Y,Y,N,0.28465124148121695,0.5417732885213681,0.474,0.4305853361824643
noise0_shift2,kmeans,N,N,Y,N,Y,Y,Y,N,0.35472412059081215,0.6130788307855823,0.541,0.5194418880903561
noise0_shift2,maxmin,N,N,Y,N,Y,Y,Y,N,0.2016338183590374,0.4675729731892605,0.446,0.3620975754625481
noise0_shift2,agglomerative,N,N,Y,N,Y,Y,Y,N,0.49680605034164577,0.6876302361603402,0.618,0.5745682298655027
noise0_shift2,kmeans,N,N,N,Y,Y,Y,Y,N,0.24469554907064278,0.4613094180379804,0.439,0.42524115705860943
noise0_shift2,maxmin,N,N,N,Y,Y,Y,Y,N,0.20102352807883536,0.4267385299957894,0.417,0.40441441844170595
noise0_shift2,agglomerative,N,N,N,Y,Y,Y,Y,N,0.24134900989434133,0.515738958675673,0.436,0.3974687985128505
noise0_shift2,kmeans,Y,Y,Y,Y,Y,N,N,N,0.21327456482992463,0.4374362872760181,0.403,0.3758352508942754
noise0_shift2,maxmin,Y,Y,Y,Y,Y,N,N,N,0.19986739815703203,0.39450819195139497,0.411,0.3301332378496307
noise0_shift2,agglomerative,Y,Y,Y,Y,Y,N,N,N,0.23017794771488723,0.479401436919657,0.411,0.34472204102745757
noise0_shift2,kmeans,Y,Y,Y,Y,N,Y,N,N,0.27888497581746086,0.501786497707082,0.477,0.4411375476184537
noise0_shift2,maxmin,Y,Y,Y,Y,N,Y,N,N,0.16210758541023323,0.36710892276275137,0.365,0.325895488153392
noise0_shift2,agglomerative,Y,Y,Y,Y,N,Y,N,N,0.24667051980117363,0.5018728213763153,0.423,0.375081982903671
noise0_shift2,kmeans,Y,Y,Y,Y,N,N,Y,N,0.2391815377046451,0.4820295273740655,0.415,0.3653183594541848
noise0_shift2,maxmin,Y,Y,Y,Y,N,N,Y,N,0.15230417322110898,0.34064850904385974,0.36,0.29225629729413327
noise0_shift2,agglomerative,Y,Y,Y,Y,N,N,Y,N,0.24667051980117363,0.5018728213763153,0.423,0.375081982903671
noise0_shift2,kmeans,Y,Y,Y,N,Y,Y,N,N,0.25607676749366337,0.497892341238186,0.433,0.3836222627394875
noise0_shift2,maxmin,Y,Y,Y,N,Y,Y,N,N,0.13541178809859586,0.347791444393524,0.375,0.33147752533820085
noise0_shift2,agglomerative,Y,Y,Y,N,Y,Y,N,N,0.24488242363030194,0.5488017299178549,0.497,0.4439163004658722
noise0_shift2,kmeans,Y,Y,Y,N,Y,N,Y,N,0.20358486950242075,0.4215003883910596,0.372,0.3256684123170931
noise0_shift2,maxmin,Y,Y,Y,N,Y,N,Y,N,0.12446680865138109,0.3331422996815809,0.36,0.2898500796713926
noise0_shift2,agglomerative,Y,Y,Y,N,Y,N,Y,N,0.24256425323215858,0.5078870567879822,0.485,0.4238764788263108
noise0_shift2,kmeans,Y,Y,Y,N,N,Y,Y,N,0.23382881894753701,0.4684301197805091,0.432,0.37913620204632015
noise0_shift2,maxmin,Y,Y,Y,N,N,Y,Y,N,0.17129255719059833,0.3959661809212784,0.404,0.3706468976909882
noise0_shift2,agglomerative,Y,Y,Y,N,N,Y,Y,N,0.27508460966709936,0.5699565090189437,0.514,0.4880692397516987
noise0_shift2,kmeans,Y,Y,N,Y,Y,Y,N,N,0.2481051553049313,0.4870164381381713,0.437,0.3959156368860095
noise0_shift2,maxmin,Y,Y,N,Y,Y,Y,N,N,0.14887788218336723,0.3363701499193066,0.325,0.23828353720735845
noise0_shift2,agglomerative,Y,Y,N,Y,Y,Y,N,N,0.2534104410942431,0.5076943953709638,0.412,0.33540302129537297
noise0_shift2,kmeans,Y,Y,N,Y,Y,N,Y,N,0.1852951850127359,0.4062813254450602,0.371,0.3108055160050026
noise0_shift2,maxmin,Y,Y,N,Y,Y,N,Y,N,0.1591252852482885,0.3550178347444334,0.358,0.28393789603406466
noise0_shift2,agglomerative,Y,Y,N,Y,Y,N,Y,N,0.2534104410942431,0.507694395370964,0.412,0.33540302129537297
noise0_shift2,kmeans,Y,Y,N,Y,N,Y,Y,N,0.22937897204594618,0.4702668210112764,0.403,0.3716943560004265
noise0_shift2,maxmin,Y,Y,N,Y,N,Y,Y,N,0.18570543914132104,0.39674725062825345,0.384,0.2993679028170751
noise0_shift2,agglomerative,Y,Y,N,Y,N,Y,Y,N,0.24511266113183863,0.505428721563827,0.425,0.3822169563243563
noise0_shift2,kmeans,Y,Y,N,N,Y,Y,Y,N,0.19008278622578,0.40687305683566954,0.404,0.3269676406906759
noise0_shift2,maxmin,Y,Y,N,N,Y,Y,Y,N,0.16163577316899444,0.383208548853658,0.394,0.3428385512184107
noise0_shift2,agglomerative,Y,Y,N,N,Y,Y,Y,N,0.25773968638721145,0.5459647153019822,0.502,0.4753506558805719
noise0_shift2,kmeans,Y,N,Y,Y,Y,Y,N,N,0.2116665483372902,0.43115643954216915,0.384,0.3500248530811341
noise0_shift2,maxmin,Y,N,Y,Y,Y,Y,N,N,0.1864865379369148,0.40578538286194854,0.394,0.327999474045389
noise0_shift2,agglomerative,Y,N,Y,Y,Y,Y,N,N,0.36671959877635646,0.5715508505955913,0.529,0.47527200356987703
noise0_shift2,kmeans,Y,N,Y,Y,Y,N,Y,N,0.276429066865408,0.481275359061045,0.457,0.42327147346618776
noise0_shift2,maxmin,Y,N,Y,Y,Y,N,Y,N,0.1831632268732395,0.3967903472534906,0.39,0.3232556731227055
noise0_shift2,agglomerative,Y,N,Y,Y,Y,N,Y,N,0.22759603927860053,0.4852493076193943,0.427,0.38760402245033043
noise0_shift2,kmeans,Y,N,Y,Y,N,Y,Y,N,0.2640668309389819,0.4829799978735584,0.442,0.40471648800135246
noise0_shift2,maxmin,Y,N,Y,Y,N,Y,Y,N,0.2012714241087562,0.4232312643091032,0.408,0.36177961497121475
noise0_shift2,agglomerative,Y,N,Y,Y,N,Y,Y,N,0.28465124148121695,0.5417732885213681,0.474,0.4305853361824643
noise0_shift2,kmeans,Y,N,Y,N,Y,Y,Y,N,0.3380706288455047,0.5826160897329269,0.515,0.45976788057601914
noise0_shift2,maxmin,Y,N,Y,N,Y,Y,Y,N,0.19306998910604575,0.4567921249480743,0.456,0.3977094251198715
noise0_shift2,agglomerative,Y,N,Y,N,Y,Y,Y,N,0.46226876377573883,0.6719511916187497,0.58,0.5418663638048288
noise0_shift2,kmeans,Y,N,N,Y,Y,Y,Y,N,0.2662190566686717,0.4908926387249413,0.451,0.4362043948535591
noise0_shift2,maxmin,Y,N,N,Y,Y,Y,Y,N,0.20102352807883536,0.4267385299957894,0.417,0.40441441844170595
noise0_shift2,agglomerative,Y,N,N,Y,Y,Y,Y,N,0.24134900989434133,0.515738958675673,0.436,0.3974687985128505
noise0_shift2,kmeans,N,Y,Y,Y,Y,Y,N,N,0.19001149246795349,0.4125629526471346,0.384,0.3469798891598523
noise0_shift2,maxmin,N,Y,Y,Y,Y,Y,N,N,0.1787381108194811,0.3758582391482418,0.385,0.31366808784623146
noise0_shift2,agglomerative,N,Y,Y,Y,Y,Y,N,N,0.23427487258351795,0.48703122995336035,0.412,0.37331039849702596
noise0_shift2,kmeans,N,Y,Y,Y,Y,N,Y,N,0.21420179457933813,0.4542278214692999,0.397,0.36141505777293825
noise0_shift2,maxmin,N,Y,Y,Y,Y,N,Y,N,0.20198157130802732,0.3963539140359373,0.418,0.3681381546184881
noise0_shift2,agglomerative,N,Y,Y,Y,Y,N,Y,N,0.23017794771488723,0.479401436919657,0.411,0.34472204102745757
noise0_shift2,kmeans,N,Y,Y,Y,N,Y,Y,N,0.20101007182258346,0.4374809662690848,0.374,0.33716273401706676
noise0_shift2,maxmin,N,Y,Y,Y,N,Y,Y,N,0.15600200848024995,0.3476328334045583,0.364,0.29680823202318324
noise0_shift2,agglomerative,N,Y,Y,Y,N,Y,Y,N,0.24667051980117363,0.5018728213763153,0.423,0.375081982903671
noise0_shift2,kmeans,N,Y,Y,N,Y,Y,Y,N,0.21212483536852839,0.4550127310266065,0.444,0.372209540704458
noise0_shift2,maxmin,N,Y,Y,N,Y,Y,Y,N,0.1379076527054806,0.35532398504237145,0.378,0.3254558172426
noise0_shift2,agglomerative,N,Y,Y,N,Y,Y,Y,N,0.24488242363030194,0.5488017299178549,0.497,0.4439163004658722
noise0_shift2,kmeans,N,Y,N,Y,Y,Y,Y,N,0.2123440357801715,0.4436820684139635,0.404,0.3393727859659025
noise0_shift2,maxmin,N,Y,N,Y,Y,Y,Y,N,0.14869985951140882,0.3349198311585264,0.325,0.23792006408206473
noise0_shift2,agglomerative,N,Y,N,Y,Y,Y,Y,N,0.3042996949109243,0.5672821198442688,0.458,0.4117758438006017
noise0_shift2,kmeans,N,N,Y,Y,Y,Y,Y,N,0.256864623666833,0.4726142979831031,0.437,0.4140166868651602
noise0_shift2,maxmin,N,N,Y,Y,Y,Y,Y,N,0.1864865379369148,0.40578538286194854,0.394,0.327999474045389
noise0_shift2,agglomerative,N,N,Y,Y,Y,Y,Y,N,0.3622744705725244,0.5585909754262147,0.51,0.45288336285453756
noise0_shift2,kmeans,Y,Y,Y,Y,Y,Y,N,N,0.2216273154226157,0.4563739596514373,0.418,0.35178732907919474
noise0_shift2,maxmin,Y,Y,Y,Y,Y,Y,N,N,0.1787381108194811,0.3758582391482418,0.385,0.31366808784623146
noise0_shift2,agglomerative,Y,Y,Y,Y,Y,Y,N,N,0.23984961604315028,0.49760651151213225,0.425,0.3833573368966797
noise0_shift2,kmeans,Y,Y,Y,Y,Y,N,Y,N,0.2510661232130474,0.48117008973624636,0.433,0.39807984879690506
noise0_shift2,maxmin,Y,Y,Y,Y,Y,N,Y,N,0.20198157130802732,0.3963539140359373,0.418,0.3681381546184881
noise0_shift2,agglomerative,Y,Y,Y,Y,Y,N,Y,N,0.23017794771488723,0.479401436919657,0.411,0.34472204102745757
noise0_shift2,kmeans,Y,Y,Y,Y,N,Y,Y,N,0.19838135489138445,0.4313432405967847,0.381,0.3307371663603579
noise0_shift2,maxmin,Y,Y,Y,Y,N,Y,Y,N,0.1534439259614745,0.3458455936113775,0.36,0.2932448803862994
noise0_shift2,agglomerative,Y,Y,Y,Y,N,Y,Y,N,0.24667051980117363,0.5018728213763153,0.423,0.375081982903671
noise0_shift2,kmeans,Y,Y,Y,N,Y,Y,Y,N,0.17217233525177988,0.40116578698558547,0.384,0.3249669545473431
noise0_shift2,maxmin,Y,Y,Y,N,Y,Y,Y,N,0.14214371064553777,0.3480007793321452,0.39,0.33181513011310093
noise0_shift2,agglomerative,Y,Y,Y,N,Y,Y,Y,N,0.28174121097632987,0.5803302186980367,0.514,0.48971226690475633
noise0_shift2,kmeans,Y,Y,N,Y,Y,Y,Y,N,0.2391940730170857,0.47412743293392773,0.424,0.3527419787212579
noise0_shift2,maxmin,Y,Y,N,Y,Y,Y,Y,N,0.14887788218336723,0.3363701499193066,0.325,0.23828353720735845
noise0_shift2,agglomerative,Y,Y,N,Y,Y,Y,Y,N,0.3042996949109243,0.5672821198442688,0.458,0.4117758438006017
noise0_shift2,kmeans,Y,N,Y,Y,Y,Y,Y,N,0.2587029448977934,0.4793361990635395,0.438,0.41862974981716283
noise0_shift2,maxmin,Y,N,Y,Y,Y,Y,Y,N,0.1864865379369148,0.40578538286194854,0.394,0.327999474045389
noise0_shift2,agglomerative,Y,N,Y,Y,Y,Y,Y,N,0.37785024613164464,0.5793115195928331,0.529,0.4732291910467736
noise0_shift2,kmeans,N,Y,Y,Y,Y,Y,Y,N,0.22355289421157684,0.45547150049029084,0.424,0.37066677065120873
noise0_shift2,maxmin,N,Y,Y,Y,Y,Y,Y,N,0.19863088026932774,0.3984502922932427,0.421,0.4059866631585017
noise0_shift2,agglomerative,N,Y,Y,Y,Y,Y,Y,N,0.23368126611654533,0.4879519137055287,0.412,0.37512373113745895
noise0_shift2,kmeans,Y,Y,Y,Y,Y,Y,Y,N,0.20550670051271447,0.43188977503720927,0.384,0.3509137668068269
noise0_shift2,maxmin,Y,Y,Y,Y,Y,Y,Y,N,0.1819119404357018,0.3786391665208779,0.392,0.3208217355121944
noise0_shift2,agglomerative,Y,Y,Y,Y,Y,Y,Y,N,0.25042944043736676,0.5013331256455115,0.422,0.37209648095613
noise0_shift2,kmeans,Y,N,N,N,N,N,N,Y,1.0,1.0,1.0,1.0
noise0_shift2,maxmin,Y,N,N,N,N,N,N,Y,1.0,1.0,1.0,1.0
noise0_shift2,agglomerative,Y,N,N,N,N,N,N,Y,1.0,1.0,1.0,1.0
noise0_shift2,kmeans,N,Y,N,N,N,N,N,Y,1.0,1.0,1.0,1.0
noise0_shift2,maxmin,N,Y,N,N,N,N,N,Y,1.0,1.0,1.0,1.0
noise0_shift2,agglomerative,N,Y,N,N,N,N,N,Y,1.0,1.0,1.0,1.0
noise0_shift2,kmeans,N,N,Y,N,N,N,N,Y,1.0,1.0,1.0,1.0
noise0_shift2,maxmin,N,N,Y,N,N,N,N,Y,1.0,1.0,1.0,1.0
noise0_shift2,agglomerative,N,N,Y,N,N,N,N,Y,1.0,1.0,1.0,1.0
noise0_shift2,kmeans,N,N,N,Y,N,N,N,Y,1.0,1.0,1.0,1.0
noise0_shift2,maxmin,N,N,N,Y,N,N,N,Y,1.0,1.0,1.0,1.0
noise0_shift2,agglomerative,N,N,N,Y,N,N,N,Y,1.0,1.0,1.0,1.0
noise0_shift2,kmeans,N,N,N,N,Y,N,N,Y,1.0,1.0,1.0,1.0
noise0_shift2,maxmin,N,N,N,N,Y,N,N,Y,1.0,1.0,1.0,1.0
noise0_shift2,agglomerative,N,N,N,N,Y,N,N,Y,1.0,1.0,1.0,1.0
noise0_shift2,kmeans,N,N,N,N,N,Y,N,Y,1.0,1.0,1.0,1.0
noise0_shift2,maxmin,N,N,N,N,N,Y,N,Y,1.0,1.0,1.0,1.0
noise0_shift2,agglomerative,N,N,N,N,N,Y,N,Y,1.0,1.0,1.0,1.0
noise0_shift2,kmeans,N,N,N,N,N,N,Y,Y,1.0,1.0,1.0,1.0
noise0_shift2,maxmin,N,N,N,N,N,N,Y,Y,1.0,1.0,1.0,1.0
noise0_shift2,agglomerative,N,N,N,N,N,N,Y,Y,1.0,1.0,1.0,1.0
noise0_shift2,kmeans,Y,Y,N,N,N,N,N,Y,1.0,1.0,1.0,1.0
noise0_shift2,maxmin,Y,Y,N,N,N,N,N,Y,1.0,1.0,1.0,1.0
noise0_shift2,agglomerative,Y,Y,N,N,N,N,N,Y,1.0,1.0,1.0,1.0
noise0_shift2,kmeans,Y,N,Y,N,N,N,N,Y,1.0,1.0,1.0,1.0
noise0_shift2,maxmin,Y,N,Y,N,N,N,N,Y,1.0,1.0,1.0,1.0
noise0_shift2,agglomerative,Y,N,Y,N,N,N,N,Y,1.0,1.0,1.0,1.0
noise0_shift2,kmeans,Y,N,N,Y,N,N,N,Y,1.0,1.0,1.0,1.0
noise0_shift2,maxmin,Y,N,N,Y,N,N,N,Y,1.0,1.0,1.0,1.0
noise0_shift2,agglomerative,Y,N,N,Y,N,N,N,Y,1.0,1.0,1.0,1.0
noise0_shift2,kmeans,Y,N,N,N,Y,N,N,Y,1.0,1.0,1.0,1.0
noise0_shift2,maxmin,Y,N,N,N,Y,N,N,Y,1.0,1.0,1.0,1.0
noise0_shift2,agglomerative,Y,N,N,N,Y,N,N,Y,1.0,1.0,1.0,1.0
noise0_shift2,kmeans,Y,N,N,N,N,Y,N,Y,1.0,1.0,1.0,1.0
noise0_shift2,maxmin,Y,N,N,N,N,Y,N,Y,1.0,1.0,1.0,1.0
noise0_shift2,agglomerative,Y,N,N,N,N,Y,N,Y,1.0,1.0,1.0,1.0
noise0_shift2,kmeans,Y,N,N,N,N,N,Y,Y,1.0,1.0,1.0,1.0
noise0_shift2,maxmin,Y,N,N,N,N,N,Y,Y,1.0,1.0,1.0,1.0
noise0_shift2,agglomerative,Y,N,N,N,N,N,Y,Y,1.0,1.0,1.0,1.0
noise0_shift2,kmeans,N,Y,Y,N,N,N,N,Y,1.0,1.0,1.0,1.0
noise0_shift2,maxmin,N,Y,Y,N,N,N,N,Y,1.0,1.0,1.0,1.0
noise0_shift2,agglomerative,N,Y,Y,N,N,N,N,Y,1.0,1.0,1.0,1.0
noise0_shift2,kmeans,N,Y,N,Y,N,N,N,Y,1.0,1.0,1.0,1.0
noise0_shift2,maxmin,N,Y,N,Y,N,N,N,Y,1.0,1.0,1.0,1.0
noise0_shift2,agglomerative,N,Y,N,Y,N,N,N,Y,1.0,1.0,1.0,1.0
noise0_shift2,kmeans,N,Y,N,N,Y,N,N,Y,1.0,1.0,1.0,1.0
noise0_shift2,maxmin,N,Y,N,N,Y,N,N,Y,1.0,1.0,1.0,1.0
noise0_shift2,agglomerative,N,Y,N,N,Y,N,N,Y,1.0,1.0,1.0,1.0
noise0_shift2,kmeans,N,Y,N,N,N,Y,N,Y,1.0,1.0,1.0,1.0
noise0_shift2,maxmin,N,Y,N,N,N,Y,N,Y,1.0,1.0,1.0,1.0
noise0_shift2,agglomerative,N,Y,N,N,N,Y,N,Y,1.0,1.0,1.0,1.0
noise0_shift2,kmeans,N,Y,N,N,N,N,Y,Y,1.0,1.0,1.0,1.0
noise0_shift2,maxmin,N,Y,N,N,N,N,Y,Y,1.0,1.0,1.0,1.0
noise0_shift2,agglomerative,N,Y,N,N,N,N,Y,Y,1.0,1.0,1.0,1.0
noise0_shift2,kmeans,N,N,Y,Y,N,N,N,Y,1.0,1.0,1.0,1.0
noise0_shift2,maxmin,N,N,Y,Y,N,N,N,Y,1.0,1.0,1.0,1.0
noise0_shift2,agglomerative,N,N,Y,Y,N,N,N,Y,1.0,1.0,1.0,1.0
noise0_shift2,kmeans,N,N,Y,N,Y,N,N,Y,1.0,1.0,1.0,1.0
noise0_shift2,maxmin,N,N,Y,N,Y,N,N,Y,1.0,1.0,1.0,1.0
noise0_shift2,agglomerative,N,N,Y,N,Y,N,N,Y,1.0,1.0,1.0,1.0
noise0_shift2,kmeans,N,N,Y,N,N,Y,N,Y,1.0,1.0,1.0,1.0
noise0_shift2,maxmin,N,N,Y,N,N,Y,N,Y,1.0,1.0,1.0,1.0
noise0_shift2,agglomerative,N,N,Y,N,N,Y,N,Y,1.0,1.0,1.0,1.0
noise0_shift2,kmeans,N,N,Y,N,N,N,Y,Y,1.0,1.0,1.0,1.0
noise0_shift2,maxmin,N,N,Y,N,N,N,Y,Y,1.0,1.0,1.0,1.0
noise0_shift2,agglomerative,N,N,Y,N,N,N,Y,Y,1.0,1.0,1.0,1.0
noise0_shift2,kmeans,N,N,N,Y,Y,N,N,Y,1.0,1.0,1.0,1.0
noise0_shift2,maxmin,N,N,N,Y,Y,N,N,Y,1.0,1.0,1.0,1.0
noise0_shift2,agglomerative,N,N,N,Y,Y,N,N,Y,1.0,1.0,1.0,1.0
noise0_shift2,kmeans,N,N,N,Y,N,Y,N,Y,1.0,1.0,1.0,1.0
noise0_shift2,maxmin,N,N,N,Y,N,Y,N,Y,1.0,1.0,1.0,1.0
noise0_shift2,agglomerative,N,N,N,Y,N,Y,N,Y,1.0,1.0,1.0,1.0
noise0_shift2,kmeans,N,N,N,Y,N,N,Y,Y,1.0,1.0,1.0,1.0
noise0_shift2,maxmin,N,N,N,Y,N,N,Y,Y,1.0,1.0,1.0,1.0
noise0_shift2,agglomerative,N,N,N,Y,N,N,Y,Y,1.0,1.0,1.0,1.0
noise0_shift2,kmeans,N,N,N,N,Y,Y,N,Y,1.0,1.0,1.0,1.0
noise0_shift2,maxmin,N,N,N,N,Y,Y,N,Y,1.0,1.0,1.0,1.0
noise0_shift2,agglomerative,N,N,N,N,Y,Y,N,Y,1.0,1.0,1.0,1.0
noise0_shift2,kmeans,N,N,N,N,Y,N,Y,Y,1.0,1.0,1.0,1.0
noise0_shift2,maxmin,N,N,N,N,Y,N,Y,Y,1.0,1.0,1.0,1.0
noise0_shift2,agglomerative,N,N,N,N,Y,N,Y,Y,1.0,1.0,1.0,1.0
noise0_shift2,kmeans,N,N,N,N,N,Y,Y,Y,1.0,1.0,1.0,1.0
noise0_shift2,maxmin,N,N,N,N,N,Y,Y,Y,1.0,1.0,1.0,1.0
noise0_shift2,agglomerative,N,N,N,N,N,Y,Y,Y,1.0,1.0,1.0,1.0
noise0_shift2,kmeans,Y,Y,Y,N,N,N,N,Y,1.0,1.0,1.0,1.0
noise0_shift2,maxmin,Y,Y,Y,N,N,N,N,Y,1.0,1.0,1.0,1.0
noise0_shift2,agglomerative,Y,Y,Y,N,N,N,N,Y,1.0,1.0,1.0,1.0
noise0_shift2,kmeans,Y,Y,N,Y,N,N,N,Y,1.0,1.0,1.0,1.0
noise0_shift2,maxmin,Y,Y,N,Y,N,N,N,Y,1.0,1.0,1.0,1.0
noise0_shift2,agglomerative,Y,Y,N,Y,N,N,N,Y,1.0,1.0,1.0,1.0
noise0_shift2,kmeans,Y,Y,N,N,Y,N,N,Y,1.0,1.0,1.0,1.0
noise0_shift2,maxmin,Y,Y,N,N,Y,N,N,Y,1.0,1.0,1.0,1.0
noise0_shift2,agglomerative,Y,Y,N,N,Y,N,N,Y,1.0,1.0,1.0,1.0
noise0_shift2,kmeans,Y,Y,N,N,N,Y,N,Y,1.0,1.0,1.0,1.0
noise0_shift2,maxmin,Y,Y,N,N,N,Y,N,Y,1.0,1.0,1.0,1.0
noise0_shift2,agglomerative,Y,Y,N,N,N,Y,N,Y,1.0,1.0,1.0,1.0
noise0_shift2,kmeans,Y,Y,N,N,N,N,Y,Y,1.0,1.0,1.0,1.0
noise0_shift2,maxmin,Y,Y,N,N,N,N,Y,Y,1.0,1.0,1.0,1.0
noise0_shift2,agglomerative,Y,Y,N,N,N,N,Y,Y,1.0,1.0,1.0,1.0
noise0_shift2,kmeans,Y,N,Y,Y,N,N,N,Y,1.0,1.0,1.0,1.0
noise0_shift2,maxmin,Y,N,Y,Y,N,N,N,Y,1.0,1.0,1.0,1.0
noise0_shift2,agglomerative,Y,N,Y,Y,N,N,N,Y,1.0,1.0,1.0,1.0
noise0_shift2,kmeans,Y,N,Y,N,Y,N,N,Y,1.0,1.0,1.0,1.0
noise0_shift2,maxmin,Y,N,Y,N,Y,N,N,Y,1.0,1.0,1.0,1.0
noise0_shift2,agglomerative,Y,N,Y,N,Y,N,N,Y,1.0,1.0,1.0,1.0
noise0_shift2,kmeans,Y,N,Y,N,N,Y,N,Y,1.0,1.0,1.0,1.0
noise0_shift2,maxmin,Y,N,Y,N,N,Y,N,Y,1.0,1.0,1.0,1.0
noise0_shift2,agglomerative,Y,N,Y,N,N,Y,N,Y,1.0,1.0,1.0,1.0
noise0_shift2,kmeans,Y,N,Y,N,N,N,Y,Y,1.0,1.0,1.0,1.0
noise0_shift2,maxmin,Y,N,Y,N,N,N,Y,Y,1.0,1.0,1.0,1.0
noise0_shift2,agglomerative,Y,N,Y,N,N,N,Y,Y,1.0,1.0,1.0,1.0
noise0_shift2,kmeans,Y,N,N,Y,Y,N,N,Y,1.0,1.0,1.0,1.0
noise0_shift2,maxmin,Y,N,N,Y,Y,N,N,Y,1.0,1.0,1.0,1.0
noise0_shift2,agglomerative,Y,N,N,Y,Y,N,N,Y,1.0,1.0,1.0,1.0
noise0_shift2,kmeans,Y,N,N,Y,N,Y,N,Y,1.0,1.0,1.0,1.0
noise0_shift2,maxmin,Y,N,N,Y,N,Y,N,Y,1.0,1.0,1.0,1.0
noise0_shift2,agglomerative,Y,N,N,Y,N,Y,N,Y,1.0,1.0,1.0,1.0
noise0_shift2,kmeans,Y,N,N,Y,N,N,Y,Y,1.0,1.0,1.0,1.0
noise0_shift2,maxmin,Y,N,N,Y,N,N,Y,Y,1.0,1.0,1.0,1.0
noise0_shift2,agglomerative,Y,N,N,Y,N,N,Y,Y,1.0,1.0,1.0,1.0
noise0_shift2,kmeans,Y,N,N,N,Y,Y,N,Y,1.0,1.0,1.0,1.0
noise0_shift2,maxmin,Y,N,N,N,Y,Y,N,Y,1.0,1.0,1.0,1.0
noise0_shift2,agglomerative,Y,N,N,N,Y,Y,N,Y,1.0,1.0,1.0,1.0
noise0_shift2,kmeans,Y,N,N,N,Y,N,Y,Y,1.0,1.0,1.0,1.0
noise0_shift2,maxmin,Y,N,N,N,Y,N,Y,Y,1.0,1.0,1.0,1.0
noise0_shift2,agglomerative,Y,N,N,N,Y,N,Y,Y,1.0,1.0,1.0,1.0
noise0_shift2,kmeans,Y,N,N,N,N,Y,Y,Y,1.0,1.0,1.0,1.0
noise0_shift2,maxmin,Y,N,N,N,N,Y,Y,Y,1.0,1.0,1.0,1.0
noise0_shift2,agglomerative,Y,N,N,N,N,Y,Y,Y,1.0,1.0,1.0,1.0
noise0_shift2,kmeans,N,Y,Y,Y,N,N,N,Y,1.0,1.0,1.0,1.0
noise0_shift2,maxmin,N,Y,Y,Y,N,N,N,Y,1.0,1.0,1.0,1.0
noise0_shift2,agglomerative,N,Y,Y,Y,N,N,N,Y,1.0,1.0,1.0,1.0
noise0_shift2,kmeans,N,Y,Y,N,Y,N,N,Y,1.0,1.0,1.0,1.0
noise0_shift2,maxmin,N,Y,Y,N,Y,N,N,Y,1.0,1.0,1.0,1.0
noise0_shift2,agglomerative,N,Y,Y,N,Y,N,N,Y,1.0,1.0,1.0,1.0
noise0_shift2,kmeans,N,Y,Y,N,N,Y,N,Y,1.0,1.0,1.0,1.0
noise0_shift2,maxmin,N,Y,Y,N,N,Y,N,Y,1.0,1.0,1.0,1.0
noise0_shift2,agglomerative,N,Y,Y,N,N,Y,N,Y,1.0,1.0,1.0,1.0
noise0_shift2,kmeans,N,Y,Y,N,N,N,Y,Y,1.0,1.0,1.0,1.0
noise0_shift2,maxmin,N,Y,Y,N,N,N,Y,Y,1.0,1.0,1.0,1.0
noise0_shift2,agglomerative,N,Y,Y,N,N,N,Y,Y,1.0,1.0,1.0,1.0
noise0_shift2,kmeans,N,Y,N,Y,Y,N,N,Y,1.0,1.0,1.0,1.0
noise0_shift2,maxmin,N,Y,N,Y,Y,N,N,Y,1.0,1.0,1.0,1.0
noise0_shift2,agglomerative,N,Y,N,Y,Y,N,N,Y,1.0,1.0,1.0,1.0
noise0_shift2,kmeans,N,Y,N,Y,N,Y,N,Y,1.0,1.0,1.0,1.0
noise0_shift2,maxmin,N,Y,N,Y,N,Y,N,Y,1.0,1.0,1.0,1.0
noise0_shift2,agglomerative,N,Y,N,Y,N,Y,N,Y,1.0,1.0,1.0,1.0
noise0_shift2,kmeans,N,Y,N,Y,N,N,Y,Y,1.0,1.0,1.0,1.0
noise0_shift2,maxmin,N,Y,N,Y,N,N,Y,Y,1.0,1.0,1.0,1.0
noise0_shift2,agglomerative,N,Y,N,Y,N,N,Y,Y,1.0,1.0,1.0,1.0
noise0_shift2,kmeans,N,Y,N,N,Y,Y,N,Y,1.0,1.0,1.0,1.0
noise0_shift2,maxmin,N,Y,N,N,Y,Y,N,Y,1.0,1.0,1.0,1.0
noise0_shift2,agglomerative,N,Y,N,N,Y,Y,N,Y,1.0,1.0,1.0,1.0
noise0_shift2,kmeans,N,Y,N,N,Y,N,Y,Y,1.0,1.0,1.0,1.0
noise0_shift2,maxmin,N,Y,N,N,Y,N,Y,Y,1.0,1.0,1.0,1.0
noise0_shift2,agglomerative,N,Y,N,N,Y,N,Y,Y,1.0,1.0,1.0,1.0
noise0_shift2,kmeans,N,Y,N,N,N,Y,Y,Y,1.0,1.0,1.0,1.0
noise0_shift2,maxmin,N,Y,N,N,N,Y,Y,Y,1.0,1.0,1.0,1.0
noise0_shift2,agglomerative,N,Y,N,N,N,Y,Y,Y,1.0,1.0,1.0,1.0
noise0_shift2,kmeans,N,N,Y,Y,Y,N,N,Y,1.0,1.0,1.0,1.0
noise0_shift2,maxmin,N,N,Y,Y,Y,N,N,Y,1.0,1.0,1.0,1.0
noise0_shift2,agglomerative,N,N,Y,Y,Y,N,N,Y,1.0,1.0,1.0,1.0
noise0_shift2,kmeans,N,N,Y,Y,N,Y,N,Y,1.0,1.0,1.0,1.0
noise0_shift2,maxmin,N,N,Y,Y,N,Y,N,Y,1.0,1.0,1.0,1.0
noise0_shift2,agglomerative,N,N,Y,Y,N,Y,N,Y,1.0,1.0,1.0,1.0
noise0_shift2,kmeans,N,N,Y,Y,N,N,Y,Y,1.0,1.0,1.0,1.0
noise0_shift2,maxmin,N,N,Y,Y,N,N,Y,Y,1.0,1.0,1.0,1.0
noise0_shift2,agglomerative,N,N,Y,Y,N,N,Y,Y,1.0,1.0,1.0,1.0
noise0_shift2,kmeans,N,N,Y,N,Y,Y,N,Y,1.0,1.0,1.0,1.0
noise0_shift2,maxmin,N,N,Y,N,Y,Y,N,Y,1.0,1.0,1.0,1.0
noise0_shift2,agglomerative,N,N,Y,N,Y,Y,N,Y,1.0,1.0,1.0,1.0
noise0_shift2,kmeans,N,N,Y,N,Y,N,Y,Y,1.0,1.0,1.0,1.0
noise0_shift2,maxmin,N,N,Y,N,Y,N,Y,Y,1.0,1.0,1.0,1.0
noise0_shift2,agglomerative,N,N,Y,N,Y,N,Y,Y,1.0,1.0,1.0,1.0
noise0_shift2,kmeans,N,N,Y,N,N,Y,Y,Y,1.0,1.0,1.0,1.0
noise0_shift2,maxmin,N,N,Y,N,N,Y,Y,Y,1.0,1.0,1.0,1.0
noise0_shift2,agglomerative,N,N,Y,N,N,Y,Y,Y,1.0,1.0,1.0,1.0
noise0_shift2,kmeans,N,N,N,Y,Y,Y,N,Y,1.0,1.0,1.0,1.0
noise0_shift2,maxmin,N,N,N,Y,Y,Y,N,Y,1.0,1.0,1.0,1.0
noise0_shift2,agglomerative,N,N,N,Y,Y,Y,N,Y,1.0,1.0,1.0,1.0
noise0_shift2,kmeans,N,N,N,Y,Y,N,Y,Y,1.0,1.0,1.0,1.0
noise0_shift2,maxmin,N,N,N,Y,Y,N,Y,Y,1.0,1.0,1.0,1.0
noise0_shift2,agglomerative,N,N,N,Y,Y,N,Y,Y,1.0,1.0,1.0,1.0
noise0_shift2,kmeans,N,N,N,Y,N,Y,Y,Y,1.0,1.0,1.0,1.0
noise0_shift2,maxmin,N,N,N,Y,N,Y,Y,Y,1.0,1.0,1.0,1.0
noise0_shift2,agglomerative,N,N,N,Y,N,Y,Y,Y,1.0,1.0,1.0,1.0
noise0_shift2,kmeans,N,N,N,N,Y,Y,Y,Y,1.0,1.0,1.0,1.0
noise0_shift2,maxmin,N,N,N,N,Y,Y,Y,Y,1.0,1.0,1.0,1.0
noise0_shift2,agglomerative,N,N,N,N,Y,Y,Y,Y,1.0,1.0,1.0,1.0
noise0_shift2,kmeans,Y,Y,Y,Y,N,N,N,Y,1.0,1.0,1.0,1.0
noise0_shift2,maxmin,Y,Y,Y,Y,N,N,N,Y,1.0,1.0,1.0,1.0
noise0_shift2,agglomerative,Y,Y,Y,Y,N,N,N,Y,1.0,1.0,1.0,1.0
noise0_shift2,kmeans,Y,Y,Y,N,Y,N,N,Y,1.0,1.0,1.0,1.0
noise0_shift2,maxmin,Y,Y,Y,N,Y,N,N,Y,1.0,1.0,1.0,1.0
noise0_shift2,agglomerative,Y,Y,Y,N,Y,N,N,Y,1.0,1.0,1.0,1.0
noise0_shift2,kmeans,Y,Y,Y,N,N,Y,N,Y,1.0,1.0,1.0,1.0
noise0_shift2,maxmin,Y,Y,Y,N,N,Y,N,Y,1.0,1.0,1.0,1.0
noise0_shift2,agglomerative,Y,Y,Y,N,N,Y,N,Y,1.0,1.0,1.0,1.0
noise0_shift2,kmeans,Y,Y,Y,N,N,N,Y,Y,1.0,1.0,1.0,1.0
noise0_shift2,maxmin,Y,Y,Y,N,N,N,Y,Y,1.0,1.0,1.0,1.0
noise0_shift2,agglomerative,Y,Y,Y,N,N,N,Y,Y,1.0,1.0,1.0,1.0
noise0_shift2,kmeans,Y,Y,N,Y,Y,N,N,Y,1.0,1.0,1.0,1.0
noise0_shift2,maxmin,Y,Y,N,Y,Y,N,N,Y,1.0,1.0,1.0,1.0
noise0_shift2,agglomerative,Y,Y,N,Y,Y,N,N,Y,1.0,1.0,1.0,1.0
noise0_shift2,kmeans,Y,Y,N,Y,N,Y,N,Y,1.0,1.0,1.0,1.0
noise0_shift2,maxmin,Y,Y,N,Y,N,Y,N,Y,1.0,1.0,1.0,1.0
noise0_shift2,agglomerative,Y,Y,N,Y,N,Y,N,Y,1.0,1.0,1.0,1.0
noise0_shift2,kmeans,Y,Y,N,Y,N,N,Y,Y,1.0,1.0,1.0,1.0
noise0_shift2,maxmin,Y,Y,N,Y,N,N,Y,Y,1.0,1.0,1.0,1.0
noise0_shift2,agglomerative,Y,Y,N,Y,N,N,Y,Y,1.0,1.0,1.0,1.0
noise0_shift2,kmeans,Y,Y,N,N,Y,Y,N,Y,1.0,1.0,1.0,1.0
noise0_shift2,maxmin,Y,Y,N,N,Y,Y,N,Y,1.0,1.0,1.0,1.0
noise0_shift2,agglomerative,Y,Y,N,N,Y,Y,N,Y,1.0,1.0,1.0,1.0
noise0_shift2,kmeans,Y,Y,N,N,Y,N,Y,Y,1.0,1.0,1.0,1.0
noise0_shift2,maxmin,Y,Y,N,N,Y,N,Y,Y,1.0,1.0,1.0,1.0
noise0_shift2,agglomerative,Y,Y,N,N,Y,N,Y,Y,1.0,1.0,1.0,1.0
noise0_shift2,kmeans,Y,Y,N,N,N,Y,Y,Y,1.0,1.0,1.0,1.0
noise0_shift2,maxmin,Y,Y,N,N,N,Y,Y,Y,1.0,1.0,1.0,1.0
noise0_shift2,agglomerative,Y,Y,N,N,N,Y,Y,Y,1.0,1.0,1.0,1.0
noise0_shift2,kmeans,Y,N,Y,Y,Y,N,N,Y,1.0,1.0,1.0,1.0
noise0_shift2,maxmin,Y,N,Y,Y,Y,N,N,Y,1.0,1.0,1.0,1.0
noise0_shift2,agglomerative,Y,N,Y,Y,Y,N,N,Y,1.0,1.0,1.0,1.0
noise0_shift2,kmeans,Y,N,Y,Y,N,Y,N,Y,1.0,1.0,1.0,1.0
noise0_shift2,maxmin,Y,N,Y,Y,N,Y,N,Y,1.0,1.0,1.0,1.0
noise0_shift2,agglomerative,Y,N,Y,Y,N,Y,N,Y,1.0,1.0,1.0,1.0
noise0_shift2,kmeans,Y,N,Y,Y,N,N,Y,Y,1.0,1.0,1.0,1.0
noise0_shift2,maxmin,Y,N,Y,Y,N,N,Y,Y,1.0,1.0,1.0,1.0
noise0_shift2,agglomerative,Y,N,Y,Y,N,N,Y,Y,1.0,1.0,1.0,1.0
noise0_shift2,kmeans,Y,N,Y,N,Y,Y,N,Y,1.0,1.0,1.0,1.0
noise0_shift2,maxmin,Y,N,Y,N,Y,Y,N,Y,1.0,1.0,1.0,1.0
noise0_shift2,agglomerative,Y,N,Y,N,Y,Y,N,Y,1.0,1.0,1.0,1.0
noise0_shift2,kmeans,Y,N,Y,N,Y,N,Y,Y,1.0,1.0,1.0,1.0
noise0_shift2,maxmin,Y,N,Y,N,Y,N,Y,Y,1.0,1.0,1.0,1.0
noise0_shift2,agglomerative,Y,N,Y,N,Y,N,Y,Y,1.0,1.0,1.0,1.0
noise0_shift2,kmeans,Y,N,Y,N,N,Y,Y,Y,1.0,1.0,1.0,1.0
noise0_shift2,maxmin,Y,N,Y,N,N,Y,Y,Y,1.0,1.0,1.0,1.0
noise0_shift2,agglomerative,Y,N,Y,N,N,Y,Y,Y,1.0,1.0,1.0,1.0
noise0_shift2,kmeans,Y,N,N,Y,Y,Y,N,Y,1.0,1.0,1.0,1.0
noise0_shift2,maxmin,Y,N,N,Y,Y,Y,N,Y,1.0,1.0,1.0,1.0
noise0_shift2,agglomerative,Y,N,N,Y,Y,Y,N,Y,1.0,1.0,1.0,1.0
noise0_shift2,kmeans,Y,N,N,Y,Y,N,Y,Y,1.0,1.0,1.0,1.0
noise0_shift2,maxmin,Y,N,N,Y,Y,N,Y,Y,1.0,1.0,1.0,1.0
noise0_shift2,agglomerative,Y,N,N,Y,Y,N,Y,Y,1.0,1.0,1.0,1.0
noise0_shift2,kmeans,Y,N,N,Y,N,Y,Y,Y,1.0,1.0,1.0,1.0
noise0_shift2,maxmin,Y,N,N,Y,N,Y,Y,Y,1.0,1.0,1.0,1.0
noise0_shift2,agglomerative,Y,N,N,Y,N,Y,Y,Y,1.0,1.0,1.0,1.0
noise0_shift2,kmeans,Y,N,N,N,Y,Y,Y,Y,1.0,1.0,1.0,1.0
noise0_shift2,maxmin,Y,N,N,N,Y,Y,Y,Y,1.0,1.0,1.0,1.0
noise0_shift2,agglomerative,Y,N,N,N,Y,Y,Y,Y,1.0,1.0,1.0,1.0
noise0_shift2,kmeans,N,Y,Y,Y,Y,N,N,Y,1.0,1.0,1.0,1.0
noise0_shift2,maxmin,N,Y,Y,Y,Y,N,N,Y,1.0,1.0,1.0,1.0
noise0_shift2,agglomerative,N,Y,Y,Y,Y,N,N,Y,1.0,1.0,1.0,1.0
noise0_shift2,kmeans,N,Y,Y,Y,N,Y,N,Y,1.0,1.0,1.0,1.0
noise0_shift2,maxmin,N,Y,Y,Y,N,Y,N,Y,1.0,1.0,1.0,1.0
noise0_shift2,agglomerative,N,Y,Y,Y,N,Y,N,Y,1.0,1.0,1.0,1.0
noise0_shift2,kmeans,N,Y,Y,Y,N,N,Y,Y,1.0,1.0,1.0,1.0
noise0_shift2,maxmin,N,Y,Y,Y,N,N,Y,Y,1.0,1.0,1.0,1.0
noise0_shift2,agglomerative,N,Y,Y,Y,N,N,Y,Y,1.0,1.0,1.0,1.0
noise0_shift2,kmeans,N,Y,Y,N,Y,Y,N,Y,1.0,1.0,1.0,1.0
noise0_shift2,maxmin,N,Y,Y,N,Y,Y,N,Y,1.0,1.0,1.0,1.0
noise0_shift2,agglomerative,N,Y,Y,N,Y,Y,N,Y,1.0,1.0,1.0,1.0
noise0_shift2,kmeans,N,Y,Y,N,Y,N,Y,Y,1.0,1.0,1.0,1.0
noise0_shift2,maxmin,N,Y,Y,N,Y,N,Y,Y,1.0,1.0,1.0,1.0
noise0_shift2,agglomerative,N,Y,Y,N,Y,N,Y,Y,1.0,1.0,1.0,1.0
noise0_shift2,kmeans,N,Y,Y,N,N,Y,Y,Y,1.0,1.0,1.0,1.0
noise0_shift2,maxmin,N,Y,Y,N,N,Y,Y,Y,1.0,1.0,1.0,1.0
noise0_shift2,agglomerative,N,Y,Y,N,N,Y,Y,Y,1.0,1.0,1.0,1.0
noise0_shift2,kmeans,N,Y,N,Y,Y,Y,N,Y,1.0,1.0,1.0,1.0
noise0_shift2,maxmin,N,Y,N,Y,Y,Y,N,Y,1.0,1.0,1.0,1.0
noise0_shift2,agglomerative,N,Y,N,Y,Y,Y,N,Y,1.0,1.0,1.0,1.0
noise0_shift2,kmeans,N,Y,N,Y,Y,N,Y,Y,1.0,1.0,1.0,1.0
noise0_shift2,maxmin,N,Y,N,Y,Y,N,Y,Y,1.0,1.0,1.0,1.0
noise0_shift2,agglomerative,N,Y,N,Y,Y,N,Y,Y,1.0,1.0,1.0,1.0
noise0_shift2,kmeans,N,Y,N,Y,N,Y,Y,Y,1.0,1.0,1.0,1.0
noise0_shift2,maxmin,N,Y,N,Y,N,Y,Y,Y,1.0,1.0,1.0,1.0
noise0_shift2,agglomerative,N,Y,N,Y,N,Y,Y,Y,1.0,1.0,1.0,1.0
noise0_shift2,kmeans,N,Y,N,N,Y,Y,Y,Y,1.0,1.0,1.0,1.0
noise0_shift2,maxmin,N,Y,N,N,Y,Y,Y,Y,1.0,1.0,1.0,1.0
noise0_shift2,agglomerative,N,Y,N,N,Y,Y,Y,Y,1.0,1.0,1.0,1.0
noise0_shift2,kmeans,N,N,Y,Y,Y,Y,N,Y,1.0,1.0,1.0,1.0
noise0_shift2,maxmin,N,N,Y,Y,Y,Y,N,Y,1.0,1.0,1.0,1.0
noise0_shift2,agglomerative,N,N,Y,Y,Y,Y,N,Y,1.0,1.0,1.0,1.0
noise0_shift2,kmeans,N,N,Y,Y,Y,N,Y,Y,1.0,1.0,1.0,1.0
noise0_shift2,maxmin,N,N,Y,Y,Y,N,Y,Y,1.0,1.0,1.0,1.0
noise0_shift2,agglomerative,N,N,Y,Y,Y,N,Y,Y,1.0,1.0,1.0,1.0
noise0_shift2,kmeans,N,N,Y,Y,N,Y,Y,Y,1.0,1.0,1.0,1.0
noise0_shift2,maxmin,N,N,Y,Y,N,Y,Y,Y,1.0,1.0,1.0,1.0
noise0_shift2,agglomerative,N,N,Y,Y,N,Y,Y,Y,1.0,1.0,1.0,1.0
noise0_shift2,kmeans,N,N,Y,N,Y,Y,Y,Y,1.0,1.0,1.0,1.0
noise0_shift2,maxmin,N,N,Y,N,Y,Y,Y,Y,1.0,1.0,1.0,1.0
noise0_shift2,agglomerative,N,N,Y,N,Y,Y,Y,Y,1.0,1.0,1.0,1.0
noise0_shift2,kmeans,N,N,N,Y,Y,Y,Y,Y,1.0,1.0,1.0,1.0
noise0_shift2,maxmin,N,N,N,Y,Y,Y,Y,Y,1.0,1.0,1.0,1.0
noise0_shift2,agglomerative,N,N,N,Y,Y,Y,Y,Y,1.0,1.0,1.0,1.0
noise0_shift2,kmeans,Y,Y,Y,Y,Y,N,N,Y,1.0,1.0,1.0,1.0
noise0_shift2,maxmin,Y,Y,Y,Y,Y,N,N,Y,1.0,1.0,1.0,1.0
noise0_shift2,agglomerative,Y,Y,Y,Y,Y,N,N,Y,1.0,1.0,1.0,1.0
noise0_shift2,kmeans,Y,Y,Y,Y,N,Y,N,Y,1.0,1.0,1.0,1.0
noise0_shift2,maxmin,Y,Y,Y,Y,N,Y,N,Y,1.0,1.0,1.0,1.0
noise0_shift2,agglomerative,Y,Y,Y,Y,N,Y,N,Y,1.0,1.0,1.0,1.0
noise0_shift2,kmeans,Y,Y,Y,Y,N,N,Y,Y,1.0,1.0,1.0,1.0
noise0_shift2,maxmin,Y,Y,Y,Y,N,N,Y,Y,1.0,1.0,1.0,1.0
noise0_shift2,agglomerative,Y,Y,Y,Y,N,N,Y,Y,1.0,1.0,1.0,1.0
noise0_shift2,kmeans,Y,Y,Y,N,Y,Y,N,Y,1.0,1.0,1.0,1.0
noise0_shift2,maxmin,Y,Y,Y,N,Y,Y,N,Y,1.0,1.0,1.0,1.0
noise0_shift2,agglomerative,Y,Y,Y,N,Y,Y,N,Y,1.0,1.0,1.0,1.0
noise0_shift2,kmeans,Y,Y,Y,N,Y,N,Y,Y,1.0,1.0,1.0,1.0
noise0_shift2,maxmin,Y,Y,Y,N,Y,N,Y,Y,1.0,1.0,1.0,1.0
noise0_shift2,agglomerative,Y,Y,Y,N,Y,N,Y,Y,1.0,1.0,1.0,1.0
noise0_shift2,kmeans,Y,Y,Y,N,N,Y,Y,Y,1.0,1.0,1.0,1.0
noise0_shift2,maxmin,Y,Y,Y,N,N,Y,Y,Y,1.0,1.0,1.0,1.0
noise0_shift2,agglomerative,Y,Y,Y,N,N,Y,Y,Y,1.0,1.0,1.0,1.0
noise0_shift2,kmeans,Y,Y,N,Y,Y,Y,N,Y,1.0,1.0,1.0,1.0
noise0_shift2,maxmin,Y,Y,N,Y,Y,Y,N,Y,1.0,1.0,1.0,1.0
noise0_shift2,agglomerative,Y,Y,N,Y,Y,Y,N,Y,1.0,1.0,1.0,1.0
noise0_shift2,kmeans,Y,Y,N,Y,Y,N,Y,Y,1.0,1.0,1.0,1.0
noise0_shift2,maxmin,Y,Y,N,Y,Y,N,Y,Y,1.0,1.0,1.0,1.0
noise0_shift2,agglomerative,Y,Y,N,Y,Y,N,Y,Y,1.0,1.0,1.0,1.0
noise0_shift2,kmeans,Y,Y,N,Y,N,Y,Y,Y,1.0,1.0,1.0,1.0
noise0_shift2,maxmin,Y,Y,N,Y,N,Y,Y,Y,1.0,1.0,1.0,1.0
noise0_shift2,agglomerative,Y,Y,N,Y,N,Y,Y,Y,1.0,1.0,1.0,1.0
noise0_shift2,kmeans,Y,Y,N,N,Y,Y,Y,Y,1.0,1.0,1.0,1.0
noise0_shift2,maxmin,Y,Y,N,N,Y,Y,Y,Y,1.0,1.0,1.0,1.0
noise0_shift2,agglomerative,Y,Y,N,N,Y,Y,Y,Y,1.0,1.0,1.0,1.0
noise0_shift2,kmeans,Y,N,Y,Y,Y,Y,N,Y,1.0,1.0,1.0,1.0
noise0_shift2,maxmin,Y,N,Y,Y,Y,Y,N,Y,1.0,1.0,1.0,1.0
noise0_shift2,agglomerative,Y,N,Y,Y,Y,Y,N,Y,1.0,1.0,1.0,1.0
noise0_shift2,kmeans,Y,N,Y,Y,Y,N,Y,Y,1.0,1.0,1.0,1.0
noise0_shift2,maxmin,Y,N,Y,Y,Y,N,Y,Y,1.0,1.0,1.0,1.0
noise0_shift2,agglomerative,Y,N,Y,Y,Y,N,Y,Y,1.0,1.0,1.0,1.0
noise0_shift2,kmeans,Y,N,Y,Y,N,Y,Y,Y,1.0,1.0,1.0,1.0
noise0_shift2,maxmin,Y,N,Y,Y,N,Y,Y,Y,1.0,1.0,1.0,1.0
noise0_shift2,agglomerative,Y,N,Y,Y,N,Y,Y,Y,1.0,1.0,1.0,1.0
noise0_shift2,kmeans,Y,N,Y,N,Y,Y,Y,Y,1.0,1.0,1.0,1.0
noise0_shift2,maxmin,Y,N,Y,N,Y,Y,Y,Y,1.0,1.0,1.0,1.0
noise0_shift2,agglomerative,Y,N,Y,N,Y,Y,Y,Y,1.0,1.0,1.0,1.0
noise0_shift2,kmeans,Y,N,N,Y,Y,Y,Y,Y,1.0,1.0,1.0,1.0
noise0_shift2,maxmin,Y,N,N,Y,Y,Y,Y,Y,1.0,1.0,1.0,1.0
noise0_shift2,agglomerative,Y,N,N,Y,Y,Y,Y,Y,1.0,1.0,1.0,1.0
noise0_shift2,kmeans,N,Y,Y,Y,Y,Y,N,Y,1.0,1.0,1.0,1.0
noise0_shift2,maxmin,N,Y,Y,Y,Y,Y,N,Y,1.0,1.0,1.0,1.0
noise0_shift2,agglomerative,N,Y,Y,Y,Y,Y,N,Y,1.0,1.0,1.0,1.0
noise0_shift2,kmeans,N,Y,Y,Y,Y,N,Y,Y,1.0,1.0,1.0,1.0
noise0_shift2,maxmin,N,Y,Y,Y,Y,N,Y,Y,1.0,1.0,1.0,1.0
noise0_shift2,agglomerative,N,Y,Y,Y,Y,N,Y,Y,1.0,1.0,1.0,1.0
noise0_shift2,kmeans,N,Y,Y,Y,N,Y,Y,Y,1.0,1.0,1.0,1.0
noise0_shift2,maxmin,N,Y,Y,Y,N,Y,Y,Y,1.0,1.0,1.0,1.0
noise0_shift2,agglomerative,N,Y,Y,Y,N,Y,Y,Y,1.0,1.0,1.0,1.0
noise0_shift2,kmeans,N,Y,Y,N,Y,Y,Y,Y,1.0,1.0,1.0,1.0
noise0_shift2,maxmin,N,Y,Y,N,Y,Y,Y,Y,1.0,1.0,1.0,1.0
noise0_shift2,agglomerative,N,Y,Y,N,Y,Y,Y,Y,1.0,1.0,1.0,1.0
noise0_shift2,kmeans,N,Y,N,Y,Y,Y,Y,Y,1.0,1.0,1.0,1.0
noise0_shift2,maxmin,N,Y,N,Y,Y,Y,Y,Y,1.0,1.0,1.0,1.0
noise0_shift2,agglomerative,N,Y,N,Y,Y,Y,Y,Y,1.0,1.0,1.0,1.0
noise0_shift2,kmeans,N,N,Y,Y,Y,Y,Y,Y,1.0,1.0,1.0,1.0
noise0_shift2,maxmin,N,N,Y,Y,Y,Y,Y,Y,1.0,1.0,1.0,1.0
noise0_shift2,agglomerative,N,N,Y,Y,Y,Y,Y,Y,1.0,1.0,1.0,1.0
noise0_shift2,kmeans,Y,Y,Y,Y,Y,Y,N,Y,1.0,1.0,1.0,1.0
noise0_shift2,maxmin,Y,Y,Y,Y,Y,Y,N,Y,1.0,1.0,1.0,1.0
noise0_shift2,agglomerative,Y,Y,Y,Y,Y,Y,N,Y,1.0,1.0,1.0,1.0
noise0_shift2,kmeans,Y,Y,Y,Y,Y,N,Y,Y,1.0,1.0,1.0,1.0
noise0_shift2,maxmin,Y,Y,Y,Y,Y,N,Y,Y,1.0,1.0,1.0,1.0
noise0_shift2,agglomerative,Y,Y,Y,Y,Y,N,Y,Y,1.0,1.0,1.0,1.0
noise0_shift2,kmeans,Y,Y,Y,Y,N,Y,Y,Y,1.0,1.0,1.0,1.0
noise0_shift2,maxmin,Y,Y,Y,Y,N,Y,Y,Y,1.0,1.0,1.0,1.0
noise0_shift2,agglomerative,Y,Y,Y,Y,N,Y,Y,Y,1.0,1.0,1.0,1.0
noise0_shift2,kmeans,Y,Y,Y,N,Y,Y,Y,Y,1.0,1.0,1.0,1.0
noise0_shift2,maxmin,Y,Y,Y,N,Y,Y,Y,Y,1.0,1.0,1.0,1.0
noise0_shift2,agglomerative,Y,Y,Y,N,Y,Y,Y,Y,1.0,1.0,1.0,1.0
noise0_shift2,kmeans,Y,Y,N,Y,Y,Y,Y,Y,1.0,1.0,1.0,1.0
noise0_shift2,maxmin,Y,Y,N,Y,Y,Y,Y,Y,1.0,1.0,1.0,1.0
noise0_shift2,agglomerative,Y,Y,N,Y,Y,Y,Y,Y,1.0,1.0,1.0,1.0
noise0_shift2,kmeans,Y,N,Y,Y,Y,Y,Y,Y,1.0,1.0,1.0,1.0
noise0_shift2,maxmin,Y,N,Y,Y,Y,Y,Y,Y,1.0,1.0,1.0,1.0
noise0_shift2,agglomerative,Y,N,Y,Y,Y,Y,Y,Y,1.0,1.0,1.0,1.0
noise0_shift2,kmeans,N,Y,Y,Y,Y,Y,Y,Y,1.0,1.0,1.0,1.0
noise0_shift2,maxmin,N,Y,Y,Y,Y,Y,Y,Y,1.0,1.0,1.0,1.0
noise0_shift2,agglomerative,N,Y,Y,Y,Y,Y,Y,Y,1.0,1.0,1.0,1.0
noise0_shift2,kmeans,Y,Y,Y,Y,Y,Y,Y,Y,1.0,1.0,1.0,1.0
noise0_shift2,maxmin,Y,Y,Y,Y,Y,Y,Y,Y,1.0,1.0,1.0,1.0
noise0_shift2,agglomerative,Y,Y,Y,Y,Y,Y,Y,Y,1.0,1.0,1.0,1.0
